[21Jul2025 00:31:59.450] [Server thread/INFO] [net.minecraft.server.network.ServerGamePacketListenerImpl/]: Cars0325 lost connection: Timed out
[21Jul2025 00:31:59.453] [Server thread/INFO] [net.minecraft.server.MinecraftServer/]: Cars0325 left the game
[21Jul2025 00:31:59.453] [Server thread/INFO] [me.edoren.skin_changer.server.SkinProviderController/]: Removing session data for player Cars0325[cdee860c-14b2-399b-9434-7a30a3a1578b]
[21Jul2025 00:42:43.545] [Server thread/INFO] [net.minecraft.server.players.PlayerList/]: Color_duty[/100.116.43.53:53172] logged in with entity id 10125 at (1985.4005812328048, 128.0, -4097.548372472258)
[21Jul2025 00:42:43.556] [Server thread/INFO] [net.minecraft.server.MinecraftServer/]: Color_duty joined the game
[21Jul2025 00:42:43.559] [Server thread/INFO] [me.edoren.skin_changer.server.SkinProviderController/]: Player Color_duty just logged in with id 65283ae9-2d8c-306b-ace2-be67c141c444
[21Jul2025 00:42:43.560] [ForkJoinPool-3-worker-2/INFO] [me.edoren.skin_changer.server.SkinProviderController/]: Loading local skin for player Color_duty[65283ae9-2d8c-306b-ace2-be67c141c444]
[21Jul2025 00:42:44.050] [ForkJoinPool-3-worker-2/INFO] [me.edoren.skin_changer.common.NetworkUtils/]: Error downloading file https://playerdb.co/api/player/minecraft/Color_duty
[21Jul2025 00:46:38.322] [ForkJoinPool-3-worker-3/INFO] [me.edoren.skin_changer.common.NetworkUtils/]: File https://playerdb.co/api/player/minecraft/magmamiaro downloaded
[21Jul2025 00:46:39.016] [ForkJoinPool-3-worker-3/INFO] [me.edoren.skin_changer.common.NetworkUtils/]: File https://crafatar.com/skins/f8c28c50-97a7-4153-8b7c-07c170a0a147 downloaded
[21Jul2025 00:46:39.017] [ForkJoinPool-3-worker-3/INFO] [me.edoren.skin_changer.server.SkinProviderController/]: Loaded skin for player Color_duty[65283ae9-2d8c-306b-ace2-be67c141c444]
[21Jul2025 00:46:39.019] [ForkJoinPool-3-worker-4/INFO] [me.edoren.skin_changer.server.SkinProviderController/]: Caching file world/skin_changer/skins/65283ae9-2d8c-306b-ace2-be67c141c444
[21Jul2025 00:47:17.661] [Server thread/WARN] [net.minecraft.world.level.levelgen.Heightmap/]: Ignoring heightmap data for chunk [54, -233], size does not match; expected: 43, got: 37
[21Jul2025 00:47:17.661] [Server thread/WARN] [net.minecraft.world.level.levelgen.Heightmap/]: Ignoring heightmap data for chunk [54, -233], size does not match; expected: 43, got: 37
[21Jul2025 00:47:17.662] [Server thread/WARN] [net.minecraft.world.level.levelgen.Heightmap/]: Ignoring heightmap data for chunk [54, -233], size does not match; expected: 43, got: 37
[21Jul2025 00:47:17.662] [Server thread/WARN] [net.minecraft.world.level.levelgen.Heightmap/]: Ignoring heightmap data for chunk [54, -233], size does not match; expected: 43, got: 37
[21Jul2025 00:47:17.663] [Server thread/WARN] [net.minecraft.world.level.levelgen.Heightmap/]: Ignoring heightmap data for chunk [55, -233], size does not match; expected: 43, got: 37
[21Jul2025 00:47:17.663] [Server thread/WARN] [net.minecraft.world.level.levelgen.Heightmap/]: Ignoring heightmap data for chunk [55, -233], size does not match; expected: 43, got: 37
[21Jul2025 00:47:17.663] [Server thread/WARN] [net.minecraft.world.level.levelgen.Heightmap/]: Ignoring heightmap data for chunk [55, -233], size does not match; expected: 43, got: 37
[21Jul2025 00:47:17.663] [Server thread/WARN] [net.minecraft.world.level.levelgen.Heightmap/]: Ignoring heightmap data for chunk [55, -233], size does not match; expected: 43, got: 37
[21Jul2025 00:47:17.665] [Server thread/WARN] [net.minecraft.world.level.levelgen.Heightmap/]: Ignoring heightmap data for chunk [56, -233], size does not match; expected: 43, got: 37
[21Jul2025 00:47:17.665] [Server thread/WARN] [net.minecraft.world.level.levelgen.Heightmap/]: Ignoring heightmap data for chunk [56, -233], size does not match; expected: 43, got: 37
[21Jul2025 00:47:17.665] [Server thread/WARN] [net.minecraft.world.level.levelgen.Heightmap/]: Ignoring heightmap data for chunk [56, -233], size does not match; expected: 43, got: 37
[21Jul2025 00:47:17.665] [Server thread/WARN] [net.minecraft.world.level.levelgen.Heightmap/]: Ignoring heightmap data for chunk [56, -233], size does not match; expected: 43, got: 37
[21Jul2025 00:47:17.667] [Server thread/WARN] [net.minecraft.world.level.levelgen.Heightmap/]: Ignoring heightmap data for chunk [57, -233], size does not match; expected: 43, got: 37
[21Jul2025 00:47:17.667] [Server thread/WARN] [net.minecraft.world.level.levelgen.Heightmap/]: Ignoring heightmap data for chunk [57, -233], size does not match; expected: 43, got: 37
[21Jul2025 00:47:17.667] [Server thread/WARN] [net.minecraft.world.level.levelgen.Heightmap/]: Ignoring heightmap data for chunk [57, -233], size does not match; expected: 43, got: 37
[21Jul2025 00:47:17.667] [Server thread/WARN] [net.minecraft.world.level.levelgen.Heightmap/]: Ignoring heightmap data for chunk [57, -233], size does not match; expected: 43, got: 37
[21Jul2025 00:47:17.668] [Server thread/WARN] [net.minecraft.world.level.levelgen.Heightmap/]: Ignoring heightmap data for chunk [58, -233], size does not match; expected: 43, got: 37
[21Jul2025 00:47:17.668] [Server thread/WARN] [net.minecraft.world.level.levelgen.Heightmap/]: Ignoring heightmap data for chunk [58, -233], size does not match; expected: 43, got: 37
[21Jul2025 00:47:17.668] [Server thread/WARN] [net.minecraft.world.level.levelgen.Heightmap/]: Ignoring heightmap data for chunk [58, -233], size does not match; expected: 43, got: 37
[21Jul2025 00:47:17.668] [Server thread/WARN] [net.minecraft.world.level.levelgen.Heightmap/]: Ignoring heightmap data for chunk [58, -233], size does not match; expected: 43, got: 37
[21Jul2025 00:47:17.669] [Server thread/WARN] [net.minecraft.world.level.levelgen.Heightmap/]: Ignoring heightmap data for chunk [59, -233], size does not match; expected: 43, got: 37
[21Jul2025 00:47:17.669] [Server thread/WARN] [net.minecraft.world.level.levelgen.Heightmap/]: Ignoring heightmap data for chunk [59, -233], size does not match; expected: 43, got: 37
[21Jul2025 00:47:17.670] [Server thread/WARN] [net.minecraft.world.level.levelgen.Heightmap/]: Ignoring heightmap data for chunk [59, -233], size does not match; expected: 43, got: 37
[21Jul2025 00:47:17.670] [Server thread/WARN] [net.minecraft.world.level.levelgen.Heightmap/]: Ignoring heightmap data for chunk [59, -233], size does not match; expected: 43, got: 37
[21Jul2025 00:47:17.671] [Server thread/WARN] [net.minecraft.world.level.levelgen.Heightmap/]: Ignoring heightmap data for chunk [60, -233], size does not match; expected: 43, got: 37
[21Jul2025 00:47:17.671] [Server thread/WARN] [net.minecraft.world.level.levelgen.Heightmap/]: Ignoring heightmap data for chunk [60, -233], size does not match; expected: 43, got: 37
[21Jul2025 00:47:17.671] [Server thread/WARN] [net.minecraft.world.level.levelgen.Heightmap/]: Ignoring heightmap data for chunk [60, -233], size does not match; expected: 43, got: 37
[21Jul2025 00:47:17.671] [Server thread/WARN] [net.minecraft.world.level.levelgen.Heightmap/]: Ignoring heightmap data for chunk [60, -233], size does not match; expected: 43, got: 37
[21Jul2025 00:47:17.673] [Server thread/WARN] [net.minecraft.world.level.levelgen.Heightmap/]: Ignoring heightmap data for chunk [61, -233], size does not match; expected: 43, got: 37
[21Jul2025 00:47:17.673] [Server thread/WARN] [net.minecraft.world.level.levelgen.Heightmap/]: Ignoring heightmap data for chunk [61, -233], size does not match; expected: 43, got: 37
[21Jul2025 00:47:17.673] [Server thread/WARN] [net.minecraft.world.level.levelgen.Heightmap/]: Ignoring heightmap data for chunk [61, -233], size does not match; expected: 43, got: 37
[21Jul2025 00:47:17.673] [Server thread/WARN] [net.minecraft.world.level.levelgen.Heightmap/]: Ignoring heightmap data for chunk [61, -233], size does not match; expected: 43, got: 37
[21Jul2025 00:47:17.674] [Server thread/WARN] [net.minecraft.world.level.levelgen.Heightmap/]: Ignoring heightmap data for chunk [62, -233], size does not match; expected: 43, got: 37
[21Jul2025 00:47:17.675] [Server thread/WARN] [net.minecraft.world.level.levelgen.Heightmap/]: Ignoring heightmap data for chunk [62, -233], size does not match; expected: 43, got: 37
[21Jul2025 00:47:17.675] [Server thread/WARN] [net.minecraft.world.level.levelgen.Heightmap/]: Ignoring heightmap data for chunk [62, -233], size does not match; expected: 43, got: 37
[21Jul2025 00:47:17.675] [Server thread/WARN] [net.minecraft.world.level.levelgen.Heightmap/]: Ignoring heightmap data for chunk [62, -233], size does not match; expected: 43, got: 37
[21Jul2025 00:47:17.677] [Server thread/WARN] [net.minecraft.world.level.levelgen.Heightmap/]: Ignoring heightmap data for chunk [63, -233], size does not match; expected: 43, got: 37
[21Jul2025 00:47:17.677] [Server thread/WARN] [net.minecraft.world.level.levelgen.Heightmap/]: Ignoring heightmap data for chunk [63, -233], size does not match; expected: 43, got: 37
[21Jul2025 00:47:17.677] [Server thread/WARN] [net.minecraft.world.level.levelgen.Heightmap/]: Ignoring heightmap data for chunk [63, -233], size does not match; expected: 43, got: 37
[21Jul2025 00:47:17.677] [Server thread/WARN] [net.minecraft.world.level.levelgen.Heightmap/]: Ignoring heightmap data for chunk [63, -233], size does not match; expected: 43, got: 37
[21Jul2025 00:47:17.705] [Server thread/WARN] [net.minecraft.world.level.levelgen.Heightmap/]: Ignoring heightmap data for chunk [64, -233], size does not match; expected: 43, got: 37
[21Jul2025 00:47:17.705] [Server thread/WARN] [net.minecraft.world.level.levelgen.Heightmap/]: Ignoring heightmap data for chunk [64, -233], size does not match; expected: 43, got: 37
[21Jul2025 00:47:17.705] [Server thread/WARN] [net.minecraft.world.level.levelgen.Heightmap/]: Ignoring heightmap data for chunk [64, -233], size does not match; expected: 43, got: 37
[21Jul2025 00:47:17.705] [Server thread/WARN] [net.minecraft.world.level.levelgen.Heightmap/]: Ignoring heightmap data for chunk [64, -233], size does not match; expected: 43, got: 37
[21Jul2025 00:47:17.709] [Server thread/WARN] [net.minecraft.world.level.levelgen.Heightmap/]: Ignoring heightmap data for chunk [49, -232], size does not match; expected: 43, got: 37
[21Jul2025 00:47:17.709] [Server thread/WARN] [net.minecraft.world.level.levelgen.Heightmap/]: Ignoring heightmap data for chunk [49, -232], size does not match; expected: 43, got: 37
[21Jul2025 00:47:17.709] [Server thread/WARN] [net.minecraft.world.level.levelgen.Heightmap/]: Ignoring heightmap data for chunk [49, -232], size does not match; expected: 43, got: 37
[21Jul2025 00:47:17.709] [Server thread/WARN] [net.minecraft.world.level.levelgen.Heightmap/]: Ignoring heightmap data for chunk [49, -232], size does not match; expected: 43, got: 37
[21Jul2025 00:47:17.711] [Server thread/WARN] [net.minecraft.world.level.levelgen.Heightmap/]: Ignoring heightmap data for chunk [50, -232], size does not match; expected: 43, got: 37
[21Jul2025 00:47:17.711] [Server thread/WARN] [net.minecraft.world.level.levelgen.Heightmap/]: Ignoring heightmap data for chunk [50, -232], size does not match; expected: 43, got: 37
[21Jul2025 00:47:17.711] [Server thread/WARN] [net.minecraft.world.level.levelgen.Heightmap/]: Ignoring heightmap data for chunk [50, -232], size does not match; expected: 43, got: 37
[21Jul2025 00:47:17.711] [Server thread/WARN] [net.minecraft.world.level.levelgen.Heightmap/]: Ignoring heightmap data for chunk [50, -232], size does not match; expected: 43, got: 37
[21Jul2025 00:47:17.712] [Server thread/WARN] [net.minecraft.world.level.levelgen.Heightmap/]: Ignoring heightmap data for chunk [51, -232], size does not match; expected: 43, got: 37
[21Jul2025 00:47:17.712] [Server thread/WARN] [net.minecraft.world.level.levelgen.Heightmap/]: Ignoring heightmap data for chunk [51, -232], size does not match; expected: 43, got: 37
[21Jul2025 00:47:17.712] [Server thread/WARN] [net.minecraft.world.level.levelgen.Heightmap/]: Ignoring heightmap data for chunk [51, -232], size does not match; expected: 43, got: 37
[21Jul2025 00:47:17.712] [Server thread/WARN] [net.minecraft.world.level.levelgen.Heightmap/]: Ignoring heightmap data for chunk [51, -232], size does not match; expected: 43, got: 37
[21Jul2025 00:47:17.713] [Server thread/WARN] [net.minecraft.world.level.levelgen.Heightmap/]: Ignoring heightmap data for chunk [52, -232], size does not match; expected: 43, got: 37
[21Jul2025 00:47:17.713] [Server thread/WARN] [net.minecraft.world.level.levelgen.Heightmap/]: Ignoring heightmap data for chunk [52, -232], size does not match; expected: 43, got: 37
[21Jul2025 00:47:17.713] [Server thread/WARN] [net.minecraft.world.level.levelgen.Heightmap/]: Ignoring heightmap data for chunk [52, -232], size does not match; expected: 43, got: 37
[21Jul2025 00:47:17.713] [Server thread/WARN] [net.minecraft.world.level.levelgen.Heightmap/]: Ignoring heightmap data for chunk [52, -232], size does not match; expected: 43, got: 37
[21Jul2025 00:47:17.715] [Server thread/WARN] [net.minecraft.world.level.levelgen.Heightmap/]: Ignoring heightmap data for chunk [53, -232], size does not match; expected: 43, got: 37
[21Jul2025 00:47:17.715] [Server thread/WARN] [net.minecraft.world.level.levelgen.Heightmap/]: Ignoring heightmap data for chunk [53, -232], size does not match; expected: 43, got: 37
[21Jul2025 00:47:17.715] [Server thread/WARN] [net.minecraft.world.level.levelgen.Heightmap/]: Ignoring heightmap data for chunk [53, -232], size does not match; expected: 43, got: 37
[21Jul2025 00:47:17.716] [Server thread/WARN] [net.minecraft.world.level.levelgen.Heightmap/]: Ignoring heightmap data for chunk [53, -232], size does not match; expected: 43, got: 37
[21Jul2025 00:47:17.717] [Server thread/WARN] [net.minecraft.world.level.levelgen.Heightmap/]: Ignoring heightmap data for chunk [54, -232], size does not match; expected: 43, got: 37
[21Jul2025 00:47:17.717] [Server thread/WARN] [net.minecraft.world.level.levelgen.Heightmap/]: Ignoring heightmap data for chunk [54, -232], size does not match; expected: 43, got: 37
[21Jul2025 00:47:17.717] [Server thread/WARN] [net.minecraft.world.level.levelgen.Heightmap/]: Ignoring heightmap data for chunk [54, -232], size does not match; expected: 43, got: 37
[21Jul2025 00:47:17.718] [Server thread/WARN] [net.minecraft.world.level.levelgen.Heightmap/]: Ignoring heightmap data for chunk [54, -232], size does not match; expected: 43, got: 37
[21Jul2025 00:47:17.719] [Server thread/WARN] [net.minecraft.world.level.levelgen.Heightmap/]: Ignoring heightmap data for chunk [55, -232], size does not match; expected: 43, got: 37
[21Jul2025 00:47:17.719] [Server thread/WARN] [net.minecraft.world.level.levelgen.Heightmap/]: Ignoring heightmap data for chunk [55, -232], size does not match; expected: 43, got: 37
[21Jul2025 00:47:17.719] [Server thread/WARN] [net.minecraft.world.level.levelgen.Heightmap/]: Ignoring heightmap data for chunk [55, -232], size does not match; expected: 43, got: 37
[21Jul2025 00:47:17.719] [Server thread/WARN] [net.minecraft.world.level.levelgen.Heightmap/]: Ignoring heightmap data for chunk [55, -232], size does not match; expected: 43, got: 37
[21Jul2025 00:47:17.720] [Server thread/WARN] [net.minecraft.world.level.levelgen.Heightmap/]: Ignoring heightmap data for chunk [56, -232], size does not match; expected: 43, got: 37
[21Jul2025 00:47:17.720] [Server thread/WARN] [net.minecraft.world.level.levelgen.Heightmap/]: Ignoring heightmap data for chunk [56, -232], size does not match; expected: 43, got: 37
[21Jul2025 00:47:17.720] [Server thread/WARN] [net.minecraft.world.level.levelgen.Heightmap/]: Ignoring heightmap data for chunk [56, -232], size does not match; expected: 43, got: 37
[21Jul2025 00:47:17.721] [Server thread/WARN] [net.minecraft.world.level.levelgen.Heightmap/]: Ignoring heightmap data for chunk [56, -232], size does not match; expected: 43, got: 37
[21Jul2025 00:47:17.722] [Server thread/WARN] [net.minecraft.world.level.levelgen.Heightmap/]: Ignoring heightmap data for chunk [57, -232], size does not match; expected: 43, got: 37
[21Jul2025 00:47:17.722] [Server thread/WARN] [net.minecraft.world.level.levelgen.Heightmap/]: Ignoring heightmap data for chunk [57, -232], size does not match; expected: 43, got: 37
[21Jul2025 00:47:17.722] [Server thread/WARN] [net.minecraft.world.level.levelgen.Heightmap/]: Ignoring heightmap data for chunk [57, -232], size does not match; expected: 43, got: 37
[21Jul2025 00:47:17.722] [Server thread/WARN] [net.minecraft.world.level.levelgen.Heightmap/]: Ignoring heightmap data for chunk [57, -232], size does not match; expected: 43, got: 37
[21Jul2025 00:47:17.723] [Server thread/WARN] [net.minecraft.world.level.levelgen.Heightmap/]: Ignoring heightmap data for chunk [58, -232], size does not match; expected: 43, got: 37
[21Jul2025 00:47:17.723] [Server thread/WARN] [net.minecraft.world.level.levelgen.Heightmap/]: Ignoring heightmap data for chunk [58, -232], size does not match; expected: 43, got: 37
[21Jul2025 00:47:17.724] [Server thread/WARN] [net.minecraft.world.level.levelgen.Heightmap/]: Ignoring heightmap data for chunk [58, -232], size does not match; expected: 43, got: 37
[21Jul2025 00:47:17.724] [Server thread/WARN] [net.minecraft.world.level.levelgen.Heightmap/]: Ignoring heightmap data for chunk [58, -232], size does not match; expected: 43, got: 37
[21Jul2025 00:47:17.725] [Server thread/WARN] [net.minecraft.world.level.levelgen.Heightmap/]: Ignoring heightmap data for chunk [59, -232], size does not match; expected: 43, got: 37
[21Jul2025 00:47:17.725] [Server thread/WARN] [net.minecraft.world.level.levelgen.Heightmap/]: Ignoring heightmap data for chunk [59, -232], size does not match; expected: 43, got: 37
[21Jul2025 00:47:17.725] [Server thread/WARN] [net.minecraft.world.level.levelgen.Heightmap/]: Ignoring heightmap data for chunk [59, -232], size does not match; expected: 43, got: 37
[21Jul2025 00:47:17.725] [Server thread/WARN] [net.minecraft.world.level.levelgen.Heightmap/]: Ignoring heightmap data for chunk [59, -232], size does not match; expected: 43, got: 37
[21Jul2025 00:47:17.726] [Server thread/WARN] [net.minecraft.world.level.levelgen.Heightmap/]: Ignoring heightmap data for chunk [60, -232], size does not match; expected: 43, got: 37
[21Jul2025 00:47:17.726] [Server thread/WARN] [net.minecraft.world.level.levelgen.Heightmap/]: Ignoring heightmap data for chunk [60, -232], size does not match; expected: 43, got: 37
[21Jul2025 00:47:17.726] [Server thread/WARN] [net.minecraft.world.level.levelgen.Heightmap/]: Ignoring heightmap data for chunk [60, -232], size does not match; expected: 43, got: 37
[21Jul2025 00:47:17.726] [Server thread/WARN] [net.minecraft.world.level.levelgen.Heightmap/]: Ignoring heightmap data for chunk [60, -232], size does not match; expected: 43, got: 37
[21Jul2025 00:47:17.727] [Server thread/WARN] [net.minecraft.world.level.levelgen.Heightmap/]: Ignoring heightmap data for chunk [61, -232], size does not match; expected: 43, got: 37
[21Jul2025 00:47:17.727] [Server thread/WARN] [net.minecraft.world.level.levelgen.Heightmap/]: Ignoring heightmap data for chunk [61, -232], size does not match; expected: 43, got: 37
[21Jul2025 00:47:17.727] [Server thread/WARN] [net.minecraft.world.level.levelgen.Heightmap/]: Ignoring heightmap data for chunk [61, -232], size does not match; expected: 43, got: 37
[21Jul2025 00:47:17.727] [Server thread/WARN] [net.minecraft.world.level.levelgen.Heightmap/]: Ignoring heightmap data for chunk [61, -232], size does not match; expected: 43, got: 37
[21Jul2025 00:47:17.728] [Server thread/WARN] [net.minecraft.world.level.levelgen.Heightmap/]: Ignoring heightmap data for chunk [62, -232], size does not match; expected: 43, got: 37
[21Jul2025 00:47:17.729] [Server thread/WARN] [net.minecraft.world.level.levelgen.Heightmap/]: Ignoring heightmap data for chunk [62, -232], size does not match; expected: 43, got: 37
[21Jul2025 00:47:17.729] [Server thread/WARN] [net.minecraft.world.level.levelgen.Heightmap/]: Ignoring heightmap data for chunk [62, -232], size does not match; expected: 43, got: 37
[21Jul2025 00:47:17.729] [Server thread/WARN] [net.minecraft.world.level.levelgen.Heightmap/]: Ignoring heightmap data for chunk [62, -232], size does not match; expected: 43, got: 37
[21Jul2025 00:47:17.729] [Server thread/WARN] [net.minecraft.world.level.levelgen.Heightmap/]: Ignoring heightmap data for chunk [63, -232], size does not match; expected: 43, got: 37
[21Jul2025 00:47:17.730] [Server thread/WARN] [net.minecraft.world.level.levelgen.Heightmap/]: Ignoring heightmap data for chunk [63, -232], size does not match; expected: 43, got: 37
[21Jul2025 00:47:17.730] [Server thread/WARN] [net.minecraft.world.level.levelgen.Heightmap/]: Ignoring heightmap data for chunk [63, -232], size does not match; expected: 43, got: 37
[21Jul2025 00:47:17.730] [Server thread/WARN] [net.minecraft.world.level.levelgen.Heightmap/]: Ignoring heightmap data for chunk [63, -232], size does not match; expected: 43, got: 37
[21Jul2025 00:47:17.731] [Server thread/WARN] [net.minecraft.world.level.levelgen.Heightmap/]: Ignoring heightmap data for chunk [64, -232], size does not match; expected: 43, got: 37
[21Jul2025 00:47:17.731] [Server thread/WARN] [net.minecraft.world.level.levelgen.Heightmap/]: Ignoring heightmap data for chunk [64, -232], size does not match; expected: 43, got: 37
[21Jul2025 00:47:17.731] [Server thread/WARN] [net.minecraft.world.level.levelgen.Heightmap/]: Ignoring heightmap data for chunk [64, -232], size does not match; expected: 43, got: 37
[21Jul2025 00:47:17.731] [Server thread/WARN] [net.minecraft.world.level.levelgen.Heightmap/]: Ignoring heightmap data for chunk [64, -232], size does not match; expected: 43, got: 37
[21Jul2025 00:47:17.739] [Server thread/WARN] [net.minecraft.world.level.levelgen.Heightmap/]: Ignoring heightmap data for chunk [65, -233], size does not match; expected: 43, got: 37
[21Jul2025 00:47:17.739] [Server thread/WARN] [net.minecraft.world.level.levelgen.Heightmap/]: Ignoring heightmap data for chunk [65, -233], size does not match; expected: 43, got: 37
[21Jul2025 00:47:17.739] [Server thread/WARN] [net.minecraft.world.level.levelgen.Heightmap/]: Ignoring heightmap data for chunk [65, -233], size does not match; expected: 43, got: 37
[21Jul2025 00:47:17.739] [Server thread/WARN] [net.minecraft.world.level.levelgen.Heightmap/]: Ignoring heightmap data for chunk [65, -233], size does not match; expected: 43, got: 37
[21Jul2025 00:47:17.740] [Server thread/WARN] [net.minecraft.world.level.levelgen.Heightmap/]: Ignoring heightmap data for chunk [65, -232], size does not match; expected: 43, got: 37
[21Jul2025 00:47:17.740] [Server thread/WARN] [net.minecraft.world.level.levelgen.Heightmap/]: Ignoring heightmap data for chunk [65, -232], size does not match; expected: 43, got: 37
[21Jul2025 00:47:17.741] [Server thread/WARN] [net.minecraft.world.level.levelgen.Heightmap/]: Ignoring heightmap data for chunk [65, -232], size does not match; expected: 43, got: 37
[21Jul2025 00:47:17.741] [Server thread/WARN] [net.minecraft.world.level.levelgen.Heightmap/]: Ignoring heightmap data for chunk [65, -232], size does not match; expected: 43, got: 37
[21Jul2025 00:47:17.742] [Server thread/WARN] [net.minecraft.world.level.levelgen.Heightmap/]: Ignoring heightmap data for chunk [48, -231], size does not match; expected: 43, got: 37
[21Jul2025 00:47:17.742] [Server thread/WARN] [net.minecraft.world.level.levelgen.Heightmap/]: Ignoring heightmap data for chunk [48, -231], size does not match; expected: 43, got: 37
[21Jul2025 00:47:17.743] [Server thread/WARN] [net.minecraft.world.level.levelgen.Heightmap/]: Ignoring heightmap data for chunk [48, -231], size does not match; expected: 43, got: 37
[21Jul2025 00:47:17.743] [Server thread/WARN] [net.minecraft.world.level.levelgen.Heightmap/]: Ignoring heightmap data for chunk [48, -231], size does not match; expected: 43, got: 37
[21Jul2025 00:47:17.744] [Server thread/WARN] [net.minecraft.world.level.levelgen.Heightmap/]: Ignoring heightmap data for chunk [49, -231], size does not match; expected: 43, got: 37
[21Jul2025 00:47:17.744] [Server thread/WARN] [net.minecraft.world.level.levelgen.Heightmap/]: Ignoring heightmap data for chunk [49, -231], size does not match; expected: 43, got: 37
[21Jul2025 00:47:17.744] [Server thread/WARN] [net.minecraft.world.level.levelgen.Heightmap/]: Ignoring heightmap data for chunk [49, -231], size does not match; expected: 43, got: 37
[21Jul2025 00:47:17.744] [Server thread/WARN] [net.minecraft.world.level.levelgen.Heightmap/]: Ignoring heightmap data for chunk [49, -231], size does not match; expected: 43, got: 37
[21Jul2025 00:47:17.746] [Server thread/WARN] [net.minecraft.world.level.levelgen.Heightmap/]: Ignoring heightmap data for chunk [50, -231], size does not match; expected: 43, got: 37
[21Jul2025 00:47:17.746] [Server thread/WARN] [net.minecraft.world.level.levelgen.Heightmap/]: Ignoring heightmap data for chunk [50, -231], size does not match; expected: 43, got: 37
[21Jul2025 00:47:17.746] [Server thread/WARN] [net.minecraft.world.level.levelgen.Heightmap/]: Ignoring heightmap data for chunk [50, -231], size does not match; expected: 43, got: 37
[21Jul2025 00:47:17.746] [Server thread/WARN] [net.minecraft.world.level.levelgen.Heightmap/]: Ignoring heightmap data for chunk [50, -231], size does not match; expected: 43, got: 37
[21Jul2025 00:47:17.747] [Server thread/WARN] [net.minecraft.world.level.levelgen.Heightmap/]: Ignoring heightmap data for chunk [51, -231], size does not match; expected: 43, got: 37
[21Jul2025 00:47:17.748] [Server thread/WARN] [net.minecraft.world.level.levelgen.Heightmap/]: Ignoring heightmap data for chunk [51, -231], size does not match; expected: 43, got: 37
[21Jul2025 00:47:17.748] [Server thread/WARN] [net.minecraft.world.level.levelgen.Heightmap/]: Ignoring heightmap data for chunk [51, -231], size does not match; expected: 43, got: 37
[21Jul2025 00:47:17.748] [Server thread/WARN] [net.minecraft.world.level.levelgen.Heightmap/]: Ignoring heightmap data for chunk [51, -231], size does not match; expected: 43, got: 37
[21Jul2025 00:47:17.749] [Server thread/WARN] [net.minecraft.world.level.levelgen.Heightmap/]: Ignoring heightmap data for chunk [52, -231], size does not match; expected: 43, got: 37
[21Jul2025 00:47:17.749] [Server thread/WARN] [net.minecraft.world.level.levelgen.Heightmap/]: Ignoring heightmap data for chunk [52, -231], size does not match; expected: 43, got: 37
[21Jul2025 00:47:17.749] [Server thread/WARN] [net.minecraft.world.level.levelgen.Heightmap/]: Ignoring heightmap data for chunk [52, -231], size does not match; expected: 43, got: 37
[21Jul2025 00:47:17.750] [Server thread/WARN] [net.minecraft.world.level.levelgen.Heightmap/]: Ignoring heightmap data for chunk [52, -231], size does not match; expected: 43, got: 37
[21Jul2025 00:47:17.751] [Server thread/WARN] [net.minecraft.world.level.levelgen.Heightmap/]: Ignoring heightmap data for chunk [53, -231], size does not match; expected: 43, got: 37
[21Jul2025 00:47:17.751] [Server thread/WARN] [net.minecraft.world.level.levelgen.Heightmap/]: Ignoring heightmap data for chunk [53, -231], size does not match; expected: 43, got: 37
[21Jul2025 00:47:17.751] [Server thread/WARN] [net.minecraft.world.level.levelgen.Heightmap/]: Ignoring heightmap data for chunk [53, -231], size does not match; expected: 43, got: 37
[21Jul2025 00:47:17.751] [Server thread/WARN] [net.minecraft.world.level.levelgen.Heightmap/]: Ignoring heightmap data for chunk [53, -231], size does not match; expected: 43, got: 37
[21Jul2025 00:47:17.763] [Server thread/WARN] [net.minecraft.world.level.levelgen.Heightmap/]: Ignoring heightmap data for chunk [54, -231], size does not match; expected: 43, got: 37
[21Jul2025 00:47:17.763] [Server thread/WARN] [net.minecraft.world.level.levelgen.Heightmap/]: Ignoring heightmap data for chunk [54, -231], size does not match; expected: 43, got: 37
[21Jul2025 00:47:17.763] [Server thread/WARN] [net.minecraft.world.level.levelgen.Heightmap/]: Ignoring heightmap data for chunk [54, -231], size does not match; expected: 43, got: 37
[21Jul2025 00:47:17.763] [Server thread/WARN] [net.minecraft.world.level.levelgen.Heightmap/]: Ignoring heightmap data for chunk [54, -231], size does not match; expected: 43, got: 37
[21Jul2025 00:47:17.765] [Server thread/WARN] [net.minecraft.world.level.levelgen.Heightmap/]: Ignoring heightmap data for chunk [55, -231], size does not match; expected: 43, got: 37
[21Jul2025 00:47:17.765] [Server thread/WARN] [net.minecraft.world.level.levelgen.Heightmap/]: Ignoring heightmap data for chunk [55, -231], size does not match; expected: 43, got: 37
[21Jul2025 00:47:17.765] [Server thread/WARN] [net.minecraft.world.level.levelgen.Heightmap/]: Ignoring heightmap data for chunk [55, -231], size does not match; expected: 43, got: 37
[21Jul2025 00:47:17.765] [Server thread/WARN] [net.minecraft.world.level.levelgen.Heightmap/]: Ignoring heightmap data for chunk [55, -231], size does not match; expected: 43, got: 37
[21Jul2025 00:47:17.766] [Server thread/WARN] [net.minecraft.world.level.levelgen.Heightmap/]: Ignoring heightmap data for chunk [56, -231], size does not match; expected: 43, got: 37
[21Jul2025 00:47:17.766] [Server thread/WARN] [net.minecraft.world.level.levelgen.Heightmap/]: Ignoring heightmap data for chunk [56, -231], size does not match; expected: 43, got: 37
[21Jul2025 00:47:17.766] [Server thread/WARN] [net.minecraft.world.level.levelgen.Heightmap/]: Ignoring heightmap data for chunk [56, -231], size does not match; expected: 43, got: 37
[21Jul2025 00:47:17.767] [Server thread/WARN] [net.minecraft.world.level.levelgen.Heightmap/]: Ignoring heightmap data for chunk [56, -231], size does not match; expected: 43, got: 37
[21Jul2025 00:47:17.768] [Server thread/WARN] [net.minecraft.world.level.levelgen.Heightmap/]: Ignoring heightmap data for chunk [57, -231], size does not match; expected: 43, got: 37
[21Jul2025 00:47:17.768] [Server thread/WARN] [net.minecraft.world.level.levelgen.Heightmap/]: Ignoring heightmap data for chunk [57, -231], size does not match; expected: 43, got: 37
[21Jul2025 00:47:17.768] [Server thread/WARN] [net.minecraft.world.level.levelgen.Heightmap/]: Ignoring heightmap data for chunk [57, -231], size does not match; expected: 43, got: 37
[21Jul2025 00:47:17.768] [Server thread/WARN] [net.minecraft.world.level.levelgen.Heightmap/]: Ignoring heightmap data for chunk [57, -231], size does not match; expected: 43, got: 37
[21Jul2025 00:47:17.769] [Server thread/WARN] [net.minecraft.world.level.levelgen.Heightmap/]: Ignoring heightmap data for chunk [58, -231], size does not match; expected: 43, got: 37
[21Jul2025 00:47:17.770] [Server thread/WARN] [net.minecraft.world.level.levelgen.Heightmap/]: Ignoring heightmap data for chunk [58, -231], size does not match; expected: 43, got: 37
[21Jul2025 00:47:17.770] [Server thread/WARN] [net.minecraft.world.level.levelgen.Heightmap/]: Ignoring heightmap data for chunk [58, -231], size does not match; expected: 43, got: 37
[21Jul2025 00:47:17.770] [Server thread/WARN] [net.minecraft.world.level.levelgen.Heightmap/]: Ignoring heightmap data for chunk [58, -231], size does not match; expected: 43, got: 37
[21Jul2025 00:47:17.771] [Server thread/WARN] [net.minecraft.world.level.levelgen.Heightmap/]: Ignoring heightmap data for chunk [59, -231], size does not match; expected: 43, got: 37
[21Jul2025 00:47:17.771] [Server thread/WARN] [net.minecraft.world.level.levelgen.Heightmap/]: Ignoring heightmap data for chunk [59, -231], size does not match; expected: 43, got: 37
[21Jul2025 00:47:17.771] [Server thread/WARN] [net.minecraft.world.level.levelgen.Heightmap/]: Ignoring heightmap data for chunk [59, -231], size does not match; expected: 43, got: 37
[21Jul2025 00:47:17.771] [Server thread/WARN] [net.minecraft.world.level.levelgen.Heightmap/]: Ignoring heightmap data for chunk [59, -231], size does not match; expected: 43, got: 37
[21Jul2025 00:47:17.772] [Server thread/WARN] [net.minecraft.world.level.levelgen.Heightmap/]: Ignoring heightmap data for chunk [60, -231], size does not match; expected: 43, got: 37
[21Jul2025 00:47:17.772] [Server thread/WARN] [net.minecraft.world.level.levelgen.Heightmap/]: Ignoring heightmap data for chunk [60, -231], size does not match; expected: 43, got: 37
[21Jul2025 00:47:17.773] [Server thread/WARN] [net.minecraft.world.level.levelgen.Heightmap/]: Ignoring heightmap data for chunk [60, -231], size does not match; expected: 43, got: 37
[21Jul2025 00:47:17.773] [Server thread/WARN] [net.minecraft.world.level.levelgen.Heightmap/]: Ignoring heightmap data for chunk [60, -231], size does not match; expected: 43, got: 37
[21Jul2025 00:47:17.773] [Server thread/WARN] [net.minecraft.world.level.levelgen.Heightmap/]: Ignoring heightmap data for chunk [61, -231], size does not match; expected: 43, got: 37
[21Jul2025 00:47:17.774] [Server thread/WARN] [net.minecraft.world.level.levelgen.Heightmap/]: Ignoring heightmap data for chunk [61, -231], size does not match; expected: 43, got: 37
[21Jul2025 00:47:17.774] [Server thread/WARN] [net.minecraft.world.level.levelgen.Heightmap/]: Ignoring heightmap data for chunk [61, -231], size does not match; expected: 43, got: 37
[21Jul2025 00:47:17.774] [Server thread/WARN] [net.minecraft.world.level.levelgen.Heightmap/]: Ignoring heightmap data for chunk [61, -231], size does not match; expected: 43, got: 37
[21Jul2025 00:47:17.775] [Server thread/WARN] [net.minecraft.world.level.levelgen.Heightmap/]: Ignoring heightmap data for chunk [62, -231], size does not match; expected: 43, got: 37
[21Jul2025 00:47:17.775] [Server thread/WARN] [net.minecraft.world.level.levelgen.Heightmap/]: Ignoring heightmap data for chunk [62, -231], size does not match; expected: 43, got: 37
[21Jul2025 00:47:17.775] [Server thread/WARN] [net.minecraft.world.level.levelgen.Heightmap/]: Ignoring heightmap data for chunk [62, -231], size does not match; expected: 43, got: 37
[21Jul2025 00:47:17.775] [Server thread/WARN] [net.minecraft.world.level.levelgen.Heightmap/]: Ignoring heightmap data for chunk [62, -231], size does not match; expected: 43, got: 37
[21Jul2025 00:47:17.776] [Server thread/WARN] [net.minecraft.world.level.levelgen.Heightmap/]: Ignoring heightmap data for chunk [63, -231], size does not match; expected: 43, got: 37
[21Jul2025 00:47:17.777] [Server thread/WARN] [net.minecraft.world.level.levelgen.Heightmap/]: Ignoring heightmap data for chunk [63, -231], size does not match; expected: 43, got: 37
[21Jul2025 00:47:17.777] [Server thread/WARN] [net.minecraft.world.level.levelgen.Heightmap/]: Ignoring heightmap data for chunk [63, -231], size does not match; expected: 43, got: 37
[21Jul2025 00:47:17.777] [Server thread/WARN] [net.minecraft.world.level.levelgen.Heightmap/]: Ignoring heightmap data for chunk [63, -231], size does not match; expected: 43, got: 37
[21Jul2025 00:47:17.778] [Server thread/WARN] [net.minecraft.world.level.levelgen.Heightmap/]: Ignoring heightmap data for chunk [64, -231], size does not match; expected: 43, got: 37
[21Jul2025 00:47:17.778] [Server thread/WARN] [net.minecraft.world.level.levelgen.Heightmap/]: Ignoring heightmap data for chunk [64, -231], size does not match; expected: 43, got: 37
[21Jul2025 00:47:17.778] [Server thread/WARN] [net.minecraft.world.level.levelgen.Heightmap/]: Ignoring heightmap data for chunk [64, -231], size does not match; expected: 43, got: 37
[21Jul2025 00:47:17.778] [Server thread/WARN] [net.minecraft.world.level.levelgen.Heightmap/]: Ignoring heightmap data for chunk [64, -231], size does not match; expected: 43, got: 37
[21Jul2025 00:47:17.779] [Server thread/WARN] [net.minecraft.world.level.levelgen.Heightmap/]: Ignoring heightmap data for chunk [65, -231], size does not match; expected: 43, got: 37
[21Jul2025 00:47:17.780] [Server thread/WARN] [net.minecraft.world.level.levelgen.Heightmap/]: Ignoring heightmap data for chunk [65, -231], size does not match; expected: 43, got: 37
[21Jul2025 00:47:17.780] [Server thread/WARN] [net.minecraft.world.level.levelgen.Heightmap/]: Ignoring heightmap data for chunk [65, -231], size does not match; expected: 43, got: 37
[21Jul2025 00:47:17.780] [Server thread/WARN] [net.minecraft.world.level.levelgen.Heightmap/]: Ignoring heightmap data for chunk [65, -231], size does not match; expected: 43, got: 37
[21Jul2025 00:47:17.787] [Server thread/WARN] [net.minecraft.world.level.levelgen.Heightmap/]: Ignoring heightmap data for chunk [66, -233], size does not match; expected: 43, got: 37
[21Jul2025 00:47:17.787] [Server thread/WARN] [net.minecraft.world.level.levelgen.Heightmap/]: Ignoring heightmap data for chunk [66, -233], size does not match; expected: 43, got: 37
[21Jul2025 00:47:17.787] [Server thread/WARN] [net.minecraft.world.level.levelgen.Heightmap/]: Ignoring heightmap data for chunk [66, -233], size does not match; expected: 43, got: 37
[21Jul2025 00:47:17.788] [Server thread/WARN] [net.minecraft.world.level.levelgen.Heightmap/]: Ignoring heightmap data for chunk [66, -233], size does not match; expected: 43, got: 37
[21Jul2025 00:47:17.789] [Server thread/WARN] [net.minecraft.world.level.levelgen.Heightmap/]: Ignoring heightmap data for chunk [66, -232], size does not match; expected: 43, got: 37
[21Jul2025 00:47:17.789] [Server thread/WARN] [net.minecraft.world.level.levelgen.Heightmap/]: Ignoring heightmap data for chunk [66, -232], size does not match; expected: 43, got: 37
[21Jul2025 00:47:17.789] [Server thread/WARN] [net.minecraft.world.level.levelgen.Heightmap/]: Ignoring heightmap data for chunk [66, -232], size does not match; expected: 43, got: 37
[21Jul2025 00:47:17.789] [Server thread/WARN] [net.minecraft.world.level.levelgen.Heightmap/]: Ignoring heightmap data for chunk [66, -232], size does not match; expected: 43, got: 37
[21Jul2025 00:47:17.790] [Server thread/WARN] [net.minecraft.world.level.levelgen.Heightmap/]: Ignoring heightmap data for chunk [66, -231], size does not match; expected: 43, got: 37
[21Jul2025 00:47:17.790] [Server thread/WARN] [net.minecraft.world.level.levelgen.Heightmap/]: Ignoring heightmap data for chunk [66, -231], size does not match; expected: 43, got: 37
[21Jul2025 00:47:17.791] [Server thread/WARN] [net.minecraft.world.level.levelgen.Heightmap/]: Ignoring heightmap data for chunk [66, -231], size does not match; expected: 43, got: 37
[21Jul2025 00:47:17.791] [Server thread/WARN] [net.minecraft.world.level.levelgen.Heightmap/]: Ignoring heightmap data for chunk [66, -231], size does not match; expected: 43, got: 37
[21Jul2025 00:47:17.799] [Server thread/WARN] [net.minecraft.world.level.levelgen.Heightmap/]: Ignoring heightmap data for chunk [67, -233], size does not match; expected: 43, got: 37
[21Jul2025 00:47:17.799] [Server thread/WARN] [net.minecraft.world.level.levelgen.Heightmap/]: Ignoring heightmap data for chunk [67, -233], size does not match; expected: 43, got: 37
[21Jul2025 00:47:17.799] [Server thread/WARN] [net.minecraft.world.level.levelgen.Heightmap/]: Ignoring heightmap data for chunk [67, -233], size does not match; expected: 43, got: 37
[21Jul2025 00:47:17.800] [Server thread/WARN] [net.minecraft.world.level.levelgen.Heightmap/]: Ignoring heightmap data for chunk [67, -233], size does not match; expected: 43, got: 37
[21Jul2025 00:47:17.800] [Server thread/WARN] [net.minecraft.world.level.levelgen.Heightmap/]: Ignoring heightmap data for chunk [67, -232], size does not match; expected: 43, got: 37
[21Jul2025 00:47:17.801] [Server thread/WARN] [net.minecraft.world.level.levelgen.Heightmap/]: Ignoring heightmap data for chunk [67, -232], size does not match; expected: 43, got: 37
[21Jul2025 00:47:17.801] [Server thread/WARN] [net.minecraft.world.level.levelgen.Heightmap/]: Ignoring heightmap data for chunk [67, -232], size does not match; expected: 43, got: 37
[21Jul2025 00:47:17.801] [Server thread/WARN] [net.minecraft.world.level.levelgen.Heightmap/]: Ignoring heightmap data for chunk [67, -232], size does not match; expected: 43, got: 37
[21Jul2025 00:47:17.802] [Server thread/WARN] [net.minecraft.world.level.levelgen.Heightmap/]: Ignoring heightmap data for chunk [67, -231], size does not match; expected: 43, got: 37
[21Jul2025 00:47:17.802] [Server thread/WARN] [net.minecraft.world.level.levelgen.Heightmap/]: Ignoring heightmap data for chunk [67, -231], size does not match; expected: 43, got: 37
[21Jul2025 00:47:17.802] [Server thread/WARN] [net.minecraft.world.level.levelgen.Heightmap/]: Ignoring heightmap data for chunk [67, -231], size does not match; expected: 43, got: 37
[21Jul2025 00:47:17.803] [Server thread/WARN] [net.minecraft.world.level.levelgen.Heightmap/]: Ignoring heightmap data for chunk [67, -231], size does not match; expected: 43, got: 37
[21Jul2025 00:47:17.811] [Server thread/WARN] [net.minecraft.world.level.levelgen.Heightmap/]: Ignoring heightmap data for chunk [68, -233], size does not match; expected: 43, got: 37
[21Jul2025 00:47:17.811] [Server thread/WARN] [net.minecraft.world.level.levelgen.Heightmap/]: Ignoring heightmap data for chunk [68, -233], size does not match; expected: 43, got: 37
[21Jul2025 00:47:17.812] [Server thread/WARN] [net.minecraft.world.level.levelgen.Heightmap/]: Ignoring heightmap data for chunk [68, -233], size does not match; expected: 43, got: 37
[21Jul2025 00:47:17.812] [Server thread/WARN] [net.minecraft.world.level.levelgen.Heightmap/]: Ignoring heightmap data for chunk [68, -233], size does not match; expected: 43, got: 37
[21Jul2025 00:47:17.825] [Server thread/WARN] [net.minecraft.world.level.levelgen.Heightmap/]: Ignoring heightmap data for chunk [68, -232], size does not match; expected: 43, got: 37
[21Jul2025 00:47:17.826] [Server thread/WARN] [net.minecraft.world.level.levelgen.Heightmap/]: Ignoring heightmap data for chunk [68, -232], size does not match; expected: 43, got: 37
[21Jul2025 00:47:17.826] [Server thread/WARN] [net.minecraft.world.level.levelgen.Heightmap/]: Ignoring heightmap data for chunk [68, -232], size does not match; expected: 43, got: 37
[21Jul2025 00:47:17.826] [Server thread/WARN] [net.minecraft.world.level.levelgen.Heightmap/]: Ignoring heightmap data for chunk [68, -232], size does not match; expected: 43, got: 37
[21Jul2025 00:47:17.827] [Server thread/WARN] [net.minecraft.world.level.levelgen.Heightmap/]: Ignoring heightmap data for chunk [68, -231], size does not match; expected: 43, got: 37
[21Jul2025 00:47:17.827] [Server thread/WARN] [net.minecraft.world.level.levelgen.Heightmap/]: Ignoring heightmap data for chunk [68, -231], size does not match; expected: 43, got: 37
[21Jul2025 00:47:17.827] [Server thread/WARN] [net.minecraft.world.level.levelgen.Heightmap/]: Ignoring heightmap data for chunk [68, -231], size does not match; expected: 43, got: 37
[21Jul2025 00:47:17.827] [Server thread/WARN] [net.minecraft.world.level.levelgen.Heightmap/]: Ignoring heightmap data for chunk [68, -231], size does not match; expected: 43, got: 37
[21Jul2025 00:47:18.357] [Server thread/WARN] [net.minecraft.world.level.levelgen.Heightmap/]: Ignoring heightmap data for chunk [75, -236], size does not match; expected: 43, got: 37
[21Jul2025 00:47:18.357] [Server thread/WARN] [net.minecraft.world.level.levelgen.Heightmap/]: Ignoring heightmap data for chunk [75, -236], size does not match; expected: 43, got: 37
[21Jul2025 00:47:18.358] [Server thread/WARN] [net.minecraft.world.level.levelgen.Heightmap/]: Ignoring heightmap data for chunk [75, -236], size does not match; expected: 43, got: 37
[21Jul2025 00:47:18.358] [Server thread/WARN] [net.minecraft.world.level.levelgen.Heightmap/]: Ignoring heightmap data for chunk [75, -236], size does not match; expected: 43, got: 37
[21Jul2025 00:47:18.359] [Server thread/WARN] [net.minecraft.world.level.levelgen.Heightmap/]: Ignoring heightmap data for chunk [76, -236], size does not match; expected: 43, got: 37
[21Jul2025 00:47:18.359] [Server thread/WARN] [net.minecraft.world.level.levelgen.Heightmap/]: Ignoring heightmap data for chunk [76, -236], size does not match; expected: 43, got: 37
[21Jul2025 00:47:18.359] [Server thread/WARN] [net.minecraft.world.level.levelgen.Heightmap/]: Ignoring heightmap data for chunk [76, -236], size does not match; expected: 43, got: 37
[21Jul2025 00:47:18.359] [Server thread/WARN] [net.minecraft.world.level.levelgen.Heightmap/]: Ignoring heightmap data for chunk [76, -236], size does not match; expected: 43, got: 37
[21Jul2025 00:47:18.361] [Server thread/WARN] [net.minecraft.world.level.levelgen.Heightmap/]: Ignoring heightmap data for chunk [77, -236], size does not match; expected: 43, got: 37
[21Jul2025 00:47:18.361] [Server thread/WARN] [net.minecraft.world.level.levelgen.Heightmap/]: Ignoring heightmap data for chunk [77, -236], size does not match; expected: 43, got: 37
[21Jul2025 00:47:18.361] [Server thread/WARN] [net.minecraft.world.level.levelgen.Heightmap/]: Ignoring heightmap data for chunk [77, -236], size does not match; expected: 43, got: 37
[21Jul2025 00:47:18.361] [Server thread/WARN] [net.minecraft.world.level.levelgen.Heightmap/]: Ignoring heightmap data for chunk [77, -236], size does not match; expected: 43, got: 37
[21Jul2025 00:47:18.368] [Server thread/WARN] [net.minecraft.world.level.levelgen.Heightmap/]: Ignoring heightmap data for chunk [75, -235], size does not match; expected: 43, got: 37
[21Jul2025 00:47:18.368] [Server thread/WARN] [net.minecraft.world.level.levelgen.Heightmap/]: Ignoring heightmap data for chunk [75, -235], size does not match; expected: 43, got: 37
[21Jul2025 00:47:18.368] [Server thread/WARN] [net.minecraft.world.level.levelgen.Heightmap/]: Ignoring heightmap data for chunk [75, -235], size does not match; expected: 43, got: 37
[21Jul2025 00:47:18.368] [Server thread/WARN] [net.minecraft.world.level.levelgen.Heightmap/]: Ignoring heightmap data for chunk [75, -235], size does not match; expected: 43, got: 37
[21Jul2025 00:47:18.369] [Server thread/WARN] [net.minecraft.world.level.levelgen.Heightmap/]: Ignoring heightmap data for chunk [76, -235], size does not match; expected: 43, got: 37
[21Jul2025 00:47:18.369] [Server thread/WARN] [net.minecraft.world.level.levelgen.Heightmap/]: Ignoring heightmap data for chunk [76, -235], size does not match; expected: 43, got: 37
[21Jul2025 00:47:18.369] [Server thread/WARN] [net.minecraft.world.level.levelgen.Heightmap/]: Ignoring heightmap data for chunk [76, -235], size does not match; expected: 43, got: 37
[21Jul2025 00:47:18.369] [Server thread/WARN] [net.minecraft.world.level.levelgen.Heightmap/]: Ignoring heightmap data for chunk [76, -235], size does not match; expected: 43, got: 37
[21Jul2025 00:47:18.370] [Server thread/WARN] [net.minecraft.world.level.levelgen.Heightmap/]: Ignoring heightmap data for chunk [77, -235], size does not match; expected: 43, got: 37
[21Jul2025 00:47:18.371] [Server thread/WARN] [net.minecraft.world.level.levelgen.Heightmap/]: Ignoring heightmap data for chunk [77, -235], size does not match; expected: 43, got: 37
[21Jul2025 00:47:18.371] [Server thread/WARN] [net.minecraft.world.level.levelgen.Heightmap/]: Ignoring heightmap data for chunk [77, -235], size does not match; expected: 43, got: 37
[21Jul2025 00:47:18.371] [Server thread/WARN] [net.minecraft.world.level.levelgen.Heightmap/]: Ignoring heightmap data for chunk [77, -235], size does not match; expected: 43, got: 37
[21Jul2025 00:47:18.377] [Server thread/WARN] [net.minecraft.world.level.levelgen.Heightmap/]: Ignoring heightmap data for chunk [75, -234], size does not match; expected: 43, got: 37
[21Jul2025 00:47:18.377] [Server thread/WARN] [net.minecraft.world.level.levelgen.Heightmap/]: Ignoring heightmap data for chunk [75, -234], size does not match; expected: 43, got: 37
[21Jul2025 00:47:18.378] [Server thread/WARN] [net.minecraft.world.level.levelgen.Heightmap/]: Ignoring heightmap data for chunk [75, -234], size does not match; expected: 43, got: 37
[21Jul2025 00:47:18.378] [Server thread/WARN] [net.minecraft.world.level.levelgen.Heightmap/]: Ignoring heightmap data for chunk [75, -234], size does not match; expected: 43, got: 37
[21Jul2025 00:47:18.379] [Server thread/WARN] [net.minecraft.world.level.levelgen.Heightmap/]: Ignoring heightmap data for chunk [76, -234], size does not match; expected: 43, got: 37
[21Jul2025 00:47:18.379] [Server thread/WARN] [net.minecraft.world.level.levelgen.Heightmap/]: Ignoring heightmap data for chunk [76, -234], size does not match; expected: 43, got: 37
[21Jul2025 00:47:18.379] [Server thread/WARN] [net.minecraft.world.level.levelgen.Heightmap/]: Ignoring heightmap data for chunk [76, -234], size does not match; expected: 43, got: 37
[21Jul2025 00:47:18.379] [Server thread/WARN] [net.minecraft.world.level.levelgen.Heightmap/]: Ignoring heightmap data for chunk [76, -234], size does not match; expected: 43, got: 37
[21Jul2025 00:47:18.380] [Server thread/WARN] [net.minecraft.world.level.levelgen.Heightmap/]: Ignoring heightmap data for chunk [77, -234], size does not match; expected: 43, got: 37
[21Jul2025 00:47:18.380] [Server thread/WARN] [net.minecraft.world.level.levelgen.Heightmap/]: Ignoring heightmap data for chunk [77, -234], size does not match; expected: 43, got: 37
[21Jul2025 00:47:18.381] [Server thread/WARN] [net.minecraft.world.level.levelgen.Heightmap/]: Ignoring heightmap data for chunk [77, -234], size does not match; expected: 43, got: 37
[21Jul2025 00:47:18.381] [Server thread/WARN] [net.minecraft.world.level.levelgen.Heightmap/]: Ignoring heightmap data for chunk [77, -234], size does not match; expected: 43, got: 37
[21Jul2025 00:47:18.382] [Server thread/WARN] [net.minecraft.world.level.levelgen.Heightmap/]: Ignoring heightmap data for chunk [69, -233], size does not match; expected: 43, got: 37
[21Jul2025 00:47:18.382] [Server thread/WARN] [net.minecraft.world.level.levelgen.Heightmap/]: Ignoring heightmap data for chunk [69, -233], size does not match; expected: 43, got: 37
[21Jul2025 00:47:18.382] [Server thread/WARN] [net.minecraft.world.level.levelgen.Heightmap/]: Ignoring heightmap data for chunk [69, -233], size does not match; expected: 43, got: 37
[21Jul2025 00:47:18.382] [Server thread/WARN] [net.minecraft.world.level.levelgen.Heightmap/]: Ignoring heightmap data for chunk [69, -233], size does not match; expected: 43, got: 37
[21Jul2025 00:47:18.383] [Server thread/WARN] [net.minecraft.world.level.levelgen.Heightmap/]: Ignoring heightmap data for chunk [70, -233], size does not match; expected: 43, got: 37
[21Jul2025 00:47:18.383] [Server thread/WARN] [net.minecraft.world.level.levelgen.Heightmap/]: Ignoring heightmap data for chunk [70, -233], size does not match; expected: 43, got: 37
[21Jul2025 00:47:18.384] [Server thread/WARN] [net.minecraft.world.level.levelgen.Heightmap/]: Ignoring heightmap data for chunk [70, -233], size does not match; expected: 43, got: 37
[21Jul2025 00:47:18.384] [Server thread/WARN] [net.minecraft.world.level.levelgen.Heightmap/]: Ignoring heightmap data for chunk [70, -233], size does not match; expected: 43, got: 37
[21Jul2025 00:47:18.385] [Server thread/WARN] [net.minecraft.world.level.levelgen.Heightmap/]: Ignoring heightmap data for chunk [71, -233], size does not match; expected: 43, got: 37
[21Jul2025 00:47:18.385] [Server thread/WARN] [net.minecraft.world.level.levelgen.Heightmap/]: Ignoring heightmap data for chunk [71, -233], size does not match; expected: 43, got: 37
[21Jul2025 00:47:18.385] [Server thread/WARN] [net.minecraft.world.level.levelgen.Heightmap/]: Ignoring heightmap data for chunk [71, -233], size does not match; expected: 43, got: 37
[21Jul2025 00:47:18.386] [Server thread/WARN] [net.minecraft.world.level.levelgen.Heightmap/]: Ignoring heightmap data for chunk [71, -233], size does not match; expected: 43, got: 37
[21Jul2025 00:47:18.386] [Server thread/WARN] [net.minecraft.world.level.levelgen.Heightmap/]: Ignoring heightmap data for chunk [72, -233], size does not match; expected: 43, got: 37
[21Jul2025 00:47:18.387] [Server thread/WARN] [net.minecraft.world.level.levelgen.Heightmap/]: Ignoring heightmap data for chunk [72, -233], size does not match; expected: 43, got: 37
[21Jul2025 00:47:18.387] [Server thread/WARN] [net.minecraft.world.level.levelgen.Heightmap/]: Ignoring heightmap data for chunk [72, -233], size does not match; expected: 43, got: 37
[21Jul2025 00:47:18.387] [Server thread/WARN] [net.minecraft.world.level.levelgen.Heightmap/]: Ignoring heightmap data for chunk [72, -233], size does not match; expected: 43, got: 37
[21Jul2025 00:47:18.388] [Server thread/WARN] [net.minecraft.world.level.levelgen.Heightmap/]: Ignoring heightmap data for chunk [73, -233], size does not match; expected: 43, got: 37
[21Jul2025 00:47:18.388] [Server thread/WARN] [net.minecraft.world.level.levelgen.Heightmap/]: Ignoring heightmap data for chunk [73, -233], size does not match; expected: 43, got: 37
[21Jul2025 00:47:18.388] [Server thread/WARN] [net.minecraft.world.level.levelgen.Heightmap/]: Ignoring heightmap data for chunk [73, -233], size does not match; expected: 43, got: 37
[21Jul2025 00:47:18.389] [Server thread/WARN] [net.minecraft.world.level.levelgen.Heightmap/]: Ignoring heightmap data for chunk [73, -233], size does not match; expected: 43, got: 37
[21Jul2025 00:47:18.401] [Server thread/WARN] [net.minecraft.world.level.levelgen.Heightmap/]: Ignoring heightmap data for chunk [74, -233], size does not match; expected: 43, got: 37
[21Jul2025 00:47:18.401] [Server thread/WARN] [net.minecraft.world.level.levelgen.Heightmap/]: Ignoring heightmap data for chunk [74, -233], size does not match; expected: 43, got: 37
[21Jul2025 00:47:18.401] [Server thread/WARN] [net.minecraft.world.level.levelgen.Heightmap/]: Ignoring heightmap data for chunk [74, -233], size does not match; expected: 43, got: 37
[21Jul2025 00:47:18.401] [Server thread/WARN] [net.minecraft.world.level.levelgen.Heightmap/]: Ignoring heightmap data for chunk [74, -233], size does not match; expected: 43, got: 37
[21Jul2025 00:47:18.402] [Server thread/WARN] [net.minecraft.world.level.levelgen.Heightmap/]: Ignoring heightmap data for chunk [75, -233], size does not match; expected: 43, got: 37
[21Jul2025 00:47:18.402] [Server thread/WARN] [net.minecraft.world.level.levelgen.Heightmap/]: Ignoring heightmap data for chunk [75, -233], size does not match; expected: 43, got: 37
[21Jul2025 00:47:18.402] [Server thread/WARN] [net.minecraft.world.level.levelgen.Heightmap/]: Ignoring heightmap data for chunk [75, -233], size does not match; expected: 43, got: 37
[21Jul2025 00:47:18.402] [Server thread/WARN] [net.minecraft.world.level.levelgen.Heightmap/]: Ignoring heightmap data for chunk [75, -233], size does not match; expected: 43, got: 37
[21Jul2025 00:47:18.403] [Server thread/WARN] [net.minecraft.world.level.levelgen.Heightmap/]: Ignoring heightmap data for chunk [76, -233], size does not match; expected: 43, got: 37
[21Jul2025 00:47:18.403] [Server thread/WARN] [net.minecraft.world.level.levelgen.Heightmap/]: Ignoring heightmap data for chunk [76, -233], size does not match; expected: 43, got: 37
[21Jul2025 00:47:18.404] [Server thread/WARN] [net.minecraft.world.level.levelgen.Heightmap/]: Ignoring heightmap data for chunk [76, -233], size does not match; expected: 43, got: 37
[21Jul2025 00:47:18.404] [Server thread/WARN] [net.minecraft.world.level.levelgen.Heightmap/]: Ignoring heightmap data for chunk [76, -233], size does not match; expected: 43, got: 37
[21Jul2025 00:47:18.405] [Server thread/WARN] [net.minecraft.world.level.levelgen.Heightmap/]: Ignoring heightmap data for chunk [77, -233], size does not match; expected: 43, got: 37
[21Jul2025 00:47:18.405] [Server thread/WARN] [net.minecraft.world.level.levelgen.Heightmap/]: Ignoring heightmap data for chunk [77, -233], size does not match; expected: 43, got: 37
[21Jul2025 00:47:18.405] [Server thread/WARN] [net.minecraft.world.level.levelgen.Heightmap/]: Ignoring heightmap data for chunk [77, -233], size does not match; expected: 43, got: 37
[21Jul2025 00:47:18.405] [Server thread/WARN] [net.minecraft.world.level.levelgen.Heightmap/]: Ignoring heightmap data for chunk [77, -233], size does not match; expected: 43, got: 37
[21Jul2025 00:47:18.412] [Server thread/WARN] [net.minecraft.world.level.levelgen.Heightmap/]: Ignoring heightmap data for chunk [78, -236], size does not match; expected: 43, got: 37
[21Jul2025 00:47:18.412] [Server thread/WARN] [net.minecraft.world.level.levelgen.Heightmap/]: Ignoring heightmap data for chunk [78, -236], size does not match; expected: 43, got: 37
[21Jul2025 00:47:18.412] [Server thread/WARN] [net.minecraft.world.level.levelgen.Heightmap/]: Ignoring heightmap data for chunk [78, -236], size does not match; expected: 43, got: 37
[21Jul2025 00:47:18.412] [Server thread/WARN] [net.minecraft.world.level.levelgen.Heightmap/]: Ignoring heightmap data for chunk [78, -236], size does not match; expected: 43, got: 37
[21Jul2025 00:47:18.413] [Server thread/WARN] [net.minecraft.world.level.levelgen.Heightmap/]: Ignoring heightmap data for chunk [78, -235], size does not match; expected: 43, got: 37
[21Jul2025 00:47:18.413] [Server thread/WARN] [net.minecraft.world.level.levelgen.Heightmap/]: Ignoring heightmap data for chunk [78, -235], size does not match; expected: 43, got: 37
[21Jul2025 00:47:18.414] [Server thread/WARN] [net.minecraft.world.level.levelgen.Heightmap/]: Ignoring heightmap data for chunk [78, -235], size does not match; expected: 43, got: 37
[21Jul2025 00:47:18.414] [Server thread/WARN] [net.minecraft.world.level.levelgen.Heightmap/]: Ignoring heightmap data for chunk [78, -235], size does not match; expected: 43, got: 37
[21Jul2025 00:47:18.415] [Server thread/WARN] [net.minecraft.world.level.levelgen.Heightmap/]: Ignoring heightmap data for chunk [78, -234], size does not match; expected: 43, got: 37
[21Jul2025 00:47:18.415] [Server thread/WARN] [net.minecraft.world.level.levelgen.Heightmap/]: Ignoring heightmap data for chunk [78, -234], size does not match; expected: 43, got: 37
[21Jul2025 00:47:18.415] [Server thread/WARN] [net.minecraft.world.level.levelgen.Heightmap/]: Ignoring heightmap data for chunk [78, -234], size does not match; expected: 43, got: 37
[21Jul2025 00:47:18.415] [Server thread/WARN] [net.minecraft.world.level.levelgen.Heightmap/]: Ignoring heightmap data for chunk [78, -234], size does not match; expected: 43, got: 37
[21Jul2025 00:47:18.416] [Server thread/WARN] [net.minecraft.world.level.levelgen.Heightmap/]: Ignoring heightmap data for chunk [78, -233], size does not match; expected: 43, got: 37
[21Jul2025 00:47:18.416] [Server thread/WARN] [net.minecraft.world.level.levelgen.Heightmap/]: Ignoring heightmap data for chunk [78, -233], size does not match; expected: 43, got: 37
[21Jul2025 00:47:18.416] [Server thread/WARN] [net.minecraft.world.level.levelgen.Heightmap/]: Ignoring heightmap data for chunk [78, -233], size does not match; expected: 43, got: 37
[21Jul2025 00:47:18.416] [Server thread/WARN] [net.minecraft.world.level.levelgen.Heightmap/]: Ignoring heightmap data for chunk [78, -233], size does not match; expected: 43, got: 37
[21Jul2025 00:47:18.417] [Server thread/WARN] [net.minecraft.world.level.levelgen.Heightmap/]: Ignoring heightmap data for chunk [69, -232], size does not match; expected: 43, got: 37
[21Jul2025 00:47:18.417] [Server thread/WARN] [net.minecraft.world.level.levelgen.Heightmap/]: Ignoring heightmap data for chunk [69, -232], size does not match; expected: 43, got: 37
[21Jul2025 00:47:18.417] [Server thread/WARN] [net.minecraft.world.level.levelgen.Heightmap/]: Ignoring heightmap data for chunk [69, -232], size does not match; expected: 43, got: 37
[21Jul2025 00:47:18.418] [Server thread/WARN] [net.minecraft.world.level.levelgen.Heightmap/]: Ignoring heightmap data for chunk [69, -232], size does not match; expected: 43, got: 37
[21Jul2025 00:47:18.418] [Server thread/WARN] [net.minecraft.world.level.levelgen.Heightmap/]: Ignoring heightmap data for chunk [70, -232], size does not match; expected: 43, got: 37
[21Jul2025 00:47:18.418] [Server thread/WARN] [net.minecraft.world.level.levelgen.Heightmap/]: Ignoring heightmap data for chunk [70, -232], size does not match; expected: 43, got: 37
[21Jul2025 00:47:18.419] [Server thread/WARN] [net.minecraft.world.level.levelgen.Heightmap/]: Ignoring heightmap data for chunk [70, -232], size does not match; expected: 43, got: 37
[21Jul2025 00:47:18.419] [Server thread/WARN] [net.minecraft.world.level.levelgen.Heightmap/]: Ignoring heightmap data for chunk [70, -232], size does not match; expected: 43, got: 37
[21Jul2025 00:47:18.420] [Server thread/WARN] [net.minecraft.world.level.levelgen.Heightmap/]: Ignoring heightmap data for chunk [71, -232], size does not match; expected: 43, got: 37
[21Jul2025 00:47:18.420] [Server thread/WARN] [net.minecraft.world.level.levelgen.Heightmap/]: Ignoring heightmap data for chunk [71, -232], size does not match; expected: 43, got: 37
[21Jul2025 00:47:18.420] [Server thread/WARN] [net.minecraft.world.level.levelgen.Heightmap/]: Ignoring heightmap data for chunk [71, -232], size does not match; expected: 43, got: 37
[21Jul2025 00:47:18.420] [Server thread/WARN] [net.minecraft.world.level.levelgen.Heightmap/]: Ignoring heightmap data for chunk [71, -232], size does not match; expected: 43, got: 37
[21Jul2025 00:47:18.421] [Server thread/WARN] [net.minecraft.world.level.levelgen.Heightmap/]: Ignoring heightmap data for chunk [72, -232], size does not match; expected: 43, got: 37
[21Jul2025 00:47:18.421] [Server thread/WARN] [net.minecraft.world.level.levelgen.Heightmap/]: Ignoring heightmap data for chunk [72, -232], size does not match; expected: 43, got: 37
[21Jul2025 00:47:18.421] [Server thread/WARN] [net.minecraft.world.level.levelgen.Heightmap/]: Ignoring heightmap data for chunk [72, -232], size does not match; expected: 43, got: 37
[21Jul2025 00:47:18.421] [Server thread/WARN] [net.minecraft.world.level.levelgen.Heightmap/]: Ignoring heightmap data for chunk [72, -232], size does not match; expected: 43, got: 37
[21Jul2025 00:47:18.422] [Server thread/WARN] [net.minecraft.world.level.levelgen.Heightmap/]: Ignoring heightmap data for chunk [73, -232], size does not match; expected: 43, got: 37
[21Jul2025 00:47:18.422] [Server thread/WARN] [net.minecraft.world.level.levelgen.Heightmap/]: Ignoring heightmap data for chunk [73, -232], size does not match; expected: 43, got: 37
[21Jul2025 00:47:18.422] [Server thread/WARN] [net.minecraft.world.level.levelgen.Heightmap/]: Ignoring heightmap data for chunk [73, -232], size does not match; expected: 43, got: 37
[21Jul2025 00:47:18.422] [Server thread/WARN] [net.minecraft.world.level.levelgen.Heightmap/]: Ignoring heightmap data for chunk [73, -232], size does not match; expected: 43, got: 37
[21Jul2025 00:47:18.423] [Server thread/WARN] [net.minecraft.world.level.levelgen.Heightmap/]: Ignoring heightmap data for chunk [74, -232], size does not match; expected: 43, got: 37
[21Jul2025 00:47:18.423] [Server thread/WARN] [net.minecraft.world.level.levelgen.Heightmap/]: Ignoring heightmap data for chunk [74, -232], size does not match; expected: 43, got: 37
[21Jul2025 00:47:18.423] [Server thread/WARN] [net.minecraft.world.level.levelgen.Heightmap/]: Ignoring heightmap data for chunk [74, -232], size does not match; expected: 43, got: 37
[21Jul2025 00:47:18.423] [Server thread/WARN] [net.minecraft.world.level.levelgen.Heightmap/]: Ignoring heightmap data for chunk [74, -232], size does not match; expected: 43, got: 37
[21Jul2025 00:47:18.424] [Server thread/WARN] [net.minecraft.world.level.levelgen.Heightmap/]: Ignoring heightmap data for chunk [75, -232], size does not match; expected: 43, got: 37
[21Jul2025 00:47:18.425] [Server thread/WARN] [net.minecraft.world.level.levelgen.Heightmap/]: Ignoring heightmap data for chunk [75, -232], size does not match; expected: 43, got: 37
[21Jul2025 00:47:18.425] [Server thread/WARN] [net.minecraft.world.level.levelgen.Heightmap/]: Ignoring heightmap data for chunk [75, -232], size does not match; expected: 43, got: 37
[21Jul2025 00:47:18.425] [Server thread/WARN] [net.minecraft.world.level.levelgen.Heightmap/]: Ignoring heightmap data for chunk [75, -232], size does not match; expected: 43, got: 37
[21Jul2025 00:47:18.426] [Server thread/WARN] [net.minecraft.world.level.levelgen.Heightmap/]: Ignoring heightmap data for chunk [76, -232], size does not match; expected: 43, got: 37
[21Jul2025 00:47:18.426] [Server thread/WARN] [net.minecraft.world.level.levelgen.Heightmap/]: Ignoring heightmap data for chunk [76, -232], size does not match; expected: 43, got: 37
[21Jul2025 00:47:18.426] [Server thread/WARN] [net.minecraft.world.level.levelgen.Heightmap/]: Ignoring heightmap data for chunk [76, -232], size does not match; expected: 43, got: 37
[21Jul2025 00:47:18.426] [Server thread/WARN] [net.minecraft.world.level.levelgen.Heightmap/]: Ignoring heightmap data for chunk [76, -232], size does not match; expected: 43, got: 37
[21Jul2025 00:47:18.427] [Server thread/WARN] [net.minecraft.world.level.levelgen.Heightmap/]: Ignoring heightmap data for chunk [77, -232], size does not match; expected: 43, got: 37
[21Jul2025 00:47:18.427] [Server thread/WARN] [net.minecraft.world.level.levelgen.Heightmap/]: Ignoring heightmap data for chunk [77, -232], size does not match; expected: 43, got: 37
[21Jul2025 00:47:18.427] [Server thread/WARN] [net.minecraft.world.level.levelgen.Heightmap/]: Ignoring heightmap data for chunk [77, -232], size does not match; expected: 43, got: 37
[21Jul2025 00:47:18.427] [Server thread/WARN] [net.minecraft.world.level.levelgen.Heightmap/]: Ignoring heightmap data for chunk [77, -232], size does not match; expected: 43, got: 37
[21Jul2025 00:47:18.428] [Server thread/WARN] [net.minecraft.world.level.levelgen.Heightmap/]: Ignoring heightmap data for chunk [78, -232], size does not match; expected: 43, got: 37
[21Jul2025 00:47:18.428] [Server thread/WARN] [net.minecraft.world.level.levelgen.Heightmap/]: Ignoring heightmap data for chunk [78, -232], size does not match; expected: 43, got: 37
[21Jul2025 00:47:18.428] [Server thread/WARN] [net.minecraft.world.level.levelgen.Heightmap/]: Ignoring heightmap data for chunk [78, -232], size does not match; expected: 43, got: 37
[21Jul2025 00:47:18.429] [Server thread/WARN] [net.minecraft.world.level.levelgen.Heightmap/]: Ignoring heightmap data for chunk [78, -232], size does not match; expected: 43, got: 37
[21Jul2025 00:47:18.437] [Server thread/WARN] [net.minecraft.world.level.levelgen.Heightmap/]: Ignoring heightmap data for chunk [79, -236], size does not match; expected: 43, got: 37
[21Jul2025 00:47:18.437] [Server thread/WARN] [net.minecraft.world.level.levelgen.Heightmap/]: Ignoring heightmap data for chunk [79, -236], size does not match; expected: 43, got: 37
[21Jul2025 00:47:18.437] [Server thread/WARN] [net.minecraft.world.level.levelgen.Heightmap/]: Ignoring heightmap data for chunk [79, -236], size does not match; expected: 43, got: 37
[21Jul2025 00:47:18.437] [Server thread/WARN] [net.minecraft.world.level.levelgen.Heightmap/]: Ignoring heightmap data for chunk [79, -236], size does not match; expected: 43, got: 37
[21Jul2025 00:47:18.438] [Server thread/WARN] [net.minecraft.world.level.levelgen.Heightmap/]: Ignoring heightmap data for chunk [79, -235], size does not match; expected: 43, got: 37
[21Jul2025 00:47:18.438] [Server thread/WARN] [net.minecraft.world.level.levelgen.Heightmap/]: Ignoring heightmap data for chunk [79, -235], size does not match; expected: 43, got: 37
[21Jul2025 00:47:18.438] [Server thread/WARN] [net.minecraft.world.level.levelgen.Heightmap/]: Ignoring heightmap data for chunk [79, -235], size does not match; expected: 43, got: 37
[21Jul2025 00:47:18.438] [Server thread/WARN] [net.minecraft.world.level.levelgen.Heightmap/]: Ignoring heightmap data for chunk [79, -235], size does not match; expected: 43, got: 37
[21Jul2025 00:47:18.439] [Server thread/WARN] [net.minecraft.world.level.levelgen.Heightmap/]: Ignoring heightmap data for chunk [79, -234], size does not match; expected: 43, got: 37
[21Jul2025 00:47:18.440] [Server thread/WARN] [net.minecraft.world.level.levelgen.Heightmap/]: Ignoring heightmap data for chunk [79, -234], size does not match; expected: 43, got: 37
[21Jul2025 00:47:18.440] [Server thread/WARN] [net.minecraft.world.level.levelgen.Heightmap/]: Ignoring heightmap data for chunk [79, -234], size does not match; expected: 43, got: 37
[21Jul2025 00:47:18.440] [Server thread/WARN] [net.minecraft.world.level.levelgen.Heightmap/]: Ignoring heightmap data for chunk [79, -234], size does not match; expected: 43, got: 37
[21Jul2025 00:47:18.441] [Server thread/WARN] [net.minecraft.world.level.levelgen.Heightmap/]: Ignoring heightmap data for chunk [79, -233], size does not match; expected: 43, got: 37
[21Jul2025 00:47:18.441] [Server thread/WARN] [net.minecraft.world.level.levelgen.Heightmap/]: Ignoring heightmap data for chunk [79, -233], size does not match; expected: 43, got: 37
[21Jul2025 00:47:18.441] [Server thread/WARN] [net.minecraft.world.level.levelgen.Heightmap/]: Ignoring heightmap data for chunk [79, -233], size does not match; expected: 43, got: 37
[21Jul2025 00:47:18.441] [Server thread/WARN] [net.minecraft.world.level.levelgen.Heightmap/]: Ignoring heightmap data for chunk [79, -233], size does not match; expected: 43, got: 37
[21Jul2025 00:47:18.442] [Server thread/WARN] [net.minecraft.world.level.levelgen.Heightmap/]: Ignoring heightmap data for chunk [79, -232], size does not match; expected: 43, got: 37
[21Jul2025 00:47:18.442] [Server thread/WARN] [net.minecraft.world.level.levelgen.Heightmap/]: Ignoring heightmap data for chunk [79, -232], size does not match; expected: 43, got: 37
[21Jul2025 00:47:18.442] [Server thread/WARN] [net.minecraft.world.level.levelgen.Heightmap/]: Ignoring heightmap data for chunk [79, -232], size does not match; expected: 43, got: 37
[21Jul2025 00:47:18.442] [Server thread/WARN] [net.minecraft.world.level.levelgen.Heightmap/]: Ignoring heightmap data for chunk [79, -232], size does not match; expected: 43, got: 37
[21Jul2025 00:47:18.443] [Server thread/WARN] [net.minecraft.world.level.levelgen.Heightmap/]: Ignoring heightmap data for chunk [69, -231], size does not match; expected: 43, got: 37
[21Jul2025 00:47:18.443] [Server thread/WARN] [net.minecraft.world.level.levelgen.Heightmap/]: Ignoring heightmap data for chunk [69, -231], size does not match; expected: 43, got: 37
[21Jul2025 00:47:18.444] [Server thread/WARN] [net.minecraft.world.level.levelgen.Heightmap/]: Ignoring heightmap data for chunk [69, -231], size does not match; expected: 43, got: 37
[21Jul2025 00:47:18.444] [Server thread/WARN] [net.minecraft.world.level.levelgen.Heightmap/]: Ignoring heightmap data for chunk [69, -231], size does not match; expected: 43, got: 37
[21Jul2025 00:47:18.445] [Server thread/WARN] [net.minecraft.world.level.levelgen.Heightmap/]: Ignoring heightmap data for chunk [70, -231], size does not match; expected: 43, got: 37
[21Jul2025 00:47:18.445] [Server thread/WARN] [net.minecraft.world.level.levelgen.Heightmap/]: Ignoring heightmap data for chunk [70, -231], size does not match; expected: 43, got: 37
[21Jul2025 00:47:18.445] [Server thread/WARN] [net.minecraft.world.level.levelgen.Heightmap/]: Ignoring heightmap data for chunk [70, -231], size does not match; expected: 43, got: 37
[21Jul2025 00:47:18.445] [Server thread/WARN] [net.minecraft.world.level.levelgen.Heightmap/]: Ignoring heightmap data for chunk [70, -231], size does not match; expected: 43, got: 37
[21Jul2025 00:47:18.446] [Server thread/WARN] [net.minecraft.world.level.levelgen.Heightmap/]: Ignoring heightmap data for chunk [71, -231], size does not match; expected: 43, got: 37
[21Jul2025 00:47:18.447] [Server thread/WARN] [net.minecraft.world.level.levelgen.Heightmap/]: Ignoring heightmap data for chunk [71, -231], size does not match; expected: 43, got: 37
[21Jul2025 00:47:18.447] [Server thread/WARN] [net.minecraft.world.level.levelgen.Heightmap/]: Ignoring heightmap data for chunk [71, -231], size does not match; expected: 43, got: 37
[21Jul2025 00:47:18.447] [Server thread/WARN] [net.minecraft.world.level.levelgen.Heightmap/]: Ignoring heightmap data for chunk [71, -231], size does not match; expected: 43, got: 37
[21Jul2025 00:47:18.448] [Server thread/WARN] [net.minecraft.world.level.levelgen.Heightmap/]: Ignoring heightmap data for chunk [72, -231], size does not match; expected: 43, got: 37
[21Jul2025 00:47:18.448] [Server thread/WARN] [net.minecraft.world.level.levelgen.Heightmap/]: Ignoring heightmap data for chunk [72, -231], size does not match; expected: 43, got: 37
[21Jul2025 00:47:18.448] [Server thread/WARN] [net.minecraft.world.level.levelgen.Heightmap/]: Ignoring heightmap data for chunk [72, -231], size does not match; expected: 43, got: 37
[21Jul2025 00:47:18.449] [Server thread/WARN] [net.minecraft.world.level.levelgen.Heightmap/]: Ignoring heightmap data for chunk [72, -231], size does not match; expected: 43, got: 37
[21Jul2025 00:47:18.450] [Server thread/WARN] [net.minecraft.world.level.levelgen.Heightmap/]: Ignoring heightmap data for chunk [73, -231], size does not match; expected: 43, got: 37
[21Jul2025 00:47:18.450] [Server thread/WARN] [net.minecraft.world.level.levelgen.Heightmap/]: Ignoring heightmap data for chunk [73, -231], size does not match; expected: 43, got: 37
[21Jul2025 00:47:18.450] [Server thread/WARN] [net.minecraft.world.level.levelgen.Heightmap/]: Ignoring heightmap data for chunk [73, -231], size does not match; expected: 43, got: 37
[21Jul2025 00:47:18.450] [Server thread/WARN] [net.minecraft.world.level.levelgen.Heightmap/]: Ignoring heightmap data for chunk [73, -231], size does not match; expected: 43, got: 37
[21Jul2025 00:47:18.460] [Server thread/WARN] [net.minecraft.world.level.levelgen.Heightmap/]: Ignoring heightmap data for chunk [74, -231], size does not match; expected: 43, got: 37
[21Jul2025 00:47:18.460] [Server thread/WARN] [net.minecraft.world.level.levelgen.Heightmap/]: Ignoring heightmap data for chunk [74, -231], size does not match; expected: 43, got: 37
[21Jul2025 00:47:18.460] [Server thread/WARN] [net.minecraft.world.level.levelgen.Heightmap/]: Ignoring heightmap data for chunk [74, -231], size does not match; expected: 43, got: 37
[21Jul2025 00:47:18.461] [Server thread/WARN] [net.minecraft.world.level.levelgen.Heightmap/]: Ignoring heightmap data for chunk [74, -231], size does not match; expected: 43, got: 37
[21Jul2025 00:47:18.461] [Server thread/WARN] [net.minecraft.world.level.levelgen.Heightmap/]: Ignoring heightmap data for chunk [75, -231], size does not match; expected: 43, got: 37
[21Jul2025 00:47:18.462] [Server thread/WARN] [net.minecraft.world.level.levelgen.Heightmap/]: Ignoring heightmap data for chunk [75, -231], size does not match; expected: 43, got: 37
[21Jul2025 00:47:18.462] [Server thread/WARN] [net.minecraft.world.level.levelgen.Heightmap/]: Ignoring heightmap data for chunk [75, -231], size does not match; expected: 43, got: 37
[21Jul2025 00:47:18.462] [Server thread/WARN] [net.minecraft.world.level.levelgen.Heightmap/]: Ignoring heightmap data for chunk [75, -231], size does not match; expected: 43, got: 37
[21Jul2025 00:47:18.463] [Server thread/WARN] [net.minecraft.world.level.levelgen.Heightmap/]: Ignoring heightmap data for chunk [76, -231], size does not match; expected: 43, got: 37
[21Jul2025 00:47:18.463] [Server thread/WARN] [net.minecraft.world.level.levelgen.Heightmap/]: Ignoring heightmap data for chunk [76, -231], size does not match; expected: 43, got: 37
[21Jul2025 00:47:18.463] [Server thread/WARN] [net.minecraft.world.level.levelgen.Heightmap/]: Ignoring heightmap data for chunk [76, -231], size does not match; expected: 43, got: 37
[21Jul2025 00:47:18.463] [Server thread/WARN] [net.minecraft.world.level.levelgen.Heightmap/]: Ignoring heightmap data for chunk [76, -231], size does not match; expected: 43, got: 37
[21Jul2025 00:47:18.464] [Server thread/WARN] [net.minecraft.world.level.levelgen.Heightmap/]: Ignoring heightmap data for chunk [77, -231], size does not match; expected: 43, got: 37
[21Jul2025 00:47:18.465] [Server thread/WARN] [net.minecraft.world.level.levelgen.Heightmap/]: Ignoring heightmap data for chunk [77, -231], size does not match; expected: 43, got: 37
[21Jul2025 00:47:18.465] [Server thread/WARN] [net.minecraft.world.level.levelgen.Heightmap/]: Ignoring heightmap data for chunk [77, -231], size does not match; expected: 43, got: 37
[21Jul2025 00:47:18.465] [Server thread/WARN] [net.minecraft.world.level.levelgen.Heightmap/]: Ignoring heightmap data for chunk [77, -231], size does not match; expected: 43, got: 37
[21Jul2025 00:47:18.466] [Server thread/WARN] [net.minecraft.world.level.levelgen.Heightmap/]: Ignoring heightmap data for chunk [78, -231], size does not match; expected: 43, got: 37
[21Jul2025 00:47:18.466] [Server thread/WARN] [net.minecraft.world.level.levelgen.Heightmap/]: Ignoring heightmap data for chunk [78, -231], size does not match; expected: 43, got: 37
[21Jul2025 00:47:18.466] [Server thread/WARN] [net.minecraft.world.level.levelgen.Heightmap/]: Ignoring heightmap data for chunk [78, -231], size does not match; expected: 43, got: 37
[21Jul2025 00:47:18.466] [Server thread/WARN] [net.minecraft.world.level.levelgen.Heightmap/]: Ignoring heightmap data for chunk [78, -231], size does not match; expected: 43, got: 37
[21Jul2025 00:47:18.467] [Server thread/WARN] [net.minecraft.world.level.levelgen.Heightmap/]: Ignoring heightmap data for chunk [79, -231], size does not match; expected: 43, got: 37
[21Jul2025 00:47:18.468] [Server thread/WARN] [net.minecraft.world.level.levelgen.Heightmap/]: Ignoring heightmap data for chunk [79, -231], size does not match; expected: 43, got: 37
[21Jul2025 00:47:18.468] [Server thread/WARN] [net.minecraft.world.level.levelgen.Heightmap/]: Ignoring heightmap data for chunk [79, -231], size does not match; expected: 43, got: 37
[21Jul2025 00:47:18.468] [Server thread/WARN] [net.minecraft.world.level.levelgen.Heightmap/]: Ignoring heightmap data for chunk [79, -231], size does not match; expected: 43, got: 37
[21Jul2025 00:53:24.255] [Server thread/WARN] [net.minecraft.world.level.levelgen.Heightmap/]: Ignoring heightmap data for chunk [92, -236], size does not match; expected: 43, got: 37
[21Jul2025 00:53:24.256] [Server thread/WARN] [net.minecraft.world.level.levelgen.Heightmap/]: Ignoring heightmap data for chunk [92, -236], size does not match; expected: 43, got: 37
[21Jul2025 00:53:24.256] [Server thread/WARN] [net.minecraft.world.level.levelgen.Heightmap/]: Ignoring heightmap data for chunk [92, -236], size does not match; expected: 43, got: 37
[21Jul2025 00:53:24.256] [Server thread/WARN] [net.minecraft.world.level.levelgen.Heightmap/]: Ignoring heightmap data for chunk [92, -236], size does not match; expected: 43, got: 37
[21Jul2025 00:53:24.257] [Server thread/WARN] [net.minecraft.world.level.levelgen.Heightmap/]: Ignoring heightmap data for chunk [93, -236], size does not match; expected: 43, got: 37
[21Jul2025 00:53:24.258] [Server thread/WARN] [net.minecraft.world.level.levelgen.Heightmap/]: Ignoring heightmap data for chunk [93, -236], size does not match; expected: 43, got: 37
[21Jul2025 00:53:24.258] [Server thread/WARN] [net.minecraft.world.level.levelgen.Heightmap/]: Ignoring heightmap data for chunk [93, -236], size does not match; expected: 43, got: 37
[21Jul2025 00:53:24.258] [Server thread/WARN] [net.minecraft.world.level.levelgen.Heightmap/]: Ignoring heightmap data for chunk [93, -236], size does not match; expected: 43, got: 37
[21Jul2025 00:53:24.259] [Server thread/WARN] [net.minecraft.world.level.levelgen.Heightmap/]: Ignoring heightmap data for chunk [94, -236], size does not match; expected: 43, got: 37
[21Jul2025 00:53:24.259] [Server thread/WARN] [net.minecraft.world.level.levelgen.Heightmap/]: Ignoring heightmap data for chunk [94, -236], size does not match; expected: 43, got: 37
[21Jul2025 00:53:24.259] [Server thread/WARN] [net.minecraft.world.level.levelgen.Heightmap/]: Ignoring heightmap data for chunk [94, -236], size does not match; expected: 43, got: 37
[21Jul2025 00:53:24.260] [Server thread/WARN] [net.minecraft.world.level.levelgen.Heightmap/]: Ignoring heightmap data for chunk [94, -236], size does not match; expected: 43, got: 37
[21Jul2025 00:53:24.274] [Server thread/WARN] [net.minecraft.world.level.levelgen.Heightmap/]: Ignoring heightmap data for chunk [95, -236], size does not match; expected: 43, got: 37
[21Jul2025 00:53:24.274] [Server thread/WARN] [net.minecraft.world.level.levelgen.Heightmap/]: Ignoring heightmap data for chunk [95, -236], size does not match; expected: 43, got: 37
[21Jul2025 00:53:24.274] [Server thread/WARN] [net.minecraft.world.level.levelgen.Heightmap/]: Ignoring heightmap data for chunk [95, -236], size does not match; expected: 43, got: 37
[21Jul2025 00:53:24.274] [Server thread/WARN] [net.minecraft.world.level.levelgen.Heightmap/]: Ignoring heightmap data for chunk [95, -236], size does not match; expected: 43, got: 37
[21Jul2025 00:53:24.276] [Server thread/WARN] [net.minecraft.world.level.levelgen.Heightmap/]: Ignoring heightmap data for chunk [96, -236], size does not match; expected: 43, got: 37
[21Jul2025 00:53:24.276] [Server thread/WARN] [net.minecraft.world.level.levelgen.Heightmap/]: Ignoring heightmap data for chunk [96, -236], size does not match; expected: 43, got: 37
[21Jul2025 00:53:24.276] [Server thread/WARN] [net.minecraft.world.level.levelgen.Heightmap/]: Ignoring heightmap data for chunk [96, -236], size does not match; expected: 43, got: 37
[21Jul2025 00:53:24.276] [Server thread/WARN] [net.minecraft.world.level.levelgen.Heightmap/]: Ignoring heightmap data for chunk [96, -236], size does not match; expected: 43, got: 37
[21Jul2025 00:53:24.288] [Server thread/WARN] [net.minecraft.world.level.levelgen.Heightmap/]: Ignoring heightmap data for chunk [92, -235], size does not match; expected: 43, got: 37
[21Jul2025 00:53:24.288] [Server thread/WARN] [net.minecraft.world.level.levelgen.Heightmap/]: Ignoring heightmap data for chunk [92, -235], size does not match; expected: 43, got: 37
[21Jul2025 00:53:24.289] [Server thread/WARN] [net.minecraft.world.level.levelgen.Heightmap/]: Ignoring heightmap data for chunk [92, -235], size does not match; expected: 43, got: 37
[21Jul2025 00:53:24.289] [Server thread/WARN] [net.minecraft.world.level.levelgen.Heightmap/]: Ignoring heightmap data for chunk [92, -235], size does not match; expected: 43, got: 37
[21Jul2025 00:53:24.290] [Server thread/WARN] [net.minecraft.world.level.levelgen.Heightmap/]: Ignoring heightmap data for chunk [93, -235], size does not match; expected: 43, got: 37
[21Jul2025 00:53:24.290] [Server thread/WARN] [net.minecraft.world.level.levelgen.Heightmap/]: Ignoring heightmap data for chunk [93, -235], size does not match; expected: 43, got: 37
[21Jul2025 00:53:24.290] [Server thread/WARN] [net.minecraft.world.level.levelgen.Heightmap/]: Ignoring heightmap data for chunk [93, -235], size does not match; expected: 43, got: 37
[21Jul2025 00:53:24.291] [Server thread/WARN] [net.minecraft.world.level.levelgen.Heightmap/]: Ignoring heightmap data for chunk [93, -235], size does not match; expected: 43, got: 37
[21Jul2025 00:53:24.292] [Server thread/WARN] [net.minecraft.world.level.levelgen.Heightmap/]: Ignoring heightmap data for chunk [94, -235], size does not match; expected: 43, got: 37
[21Jul2025 00:53:24.292] [Server thread/WARN] [net.minecraft.world.level.levelgen.Heightmap/]: Ignoring heightmap data for chunk [94, -235], size does not match; expected: 43, got: 37
[21Jul2025 00:53:24.292] [Server thread/WARN] [net.minecraft.world.level.levelgen.Heightmap/]: Ignoring heightmap data for chunk [94, -235], size does not match; expected: 43, got: 37
[21Jul2025 00:53:24.292] [Server thread/WARN] [net.minecraft.world.level.levelgen.Heightmap/]: Ignoring heightmap data for chunk [94, -235], size does not match; expected: 43, got: 37
[21Jul2025 00:53:24.293] [Server thread/WARN] [net.minecraft.world.level.levelgen.Heightmap/]: Ignoring heightmap data for chunk [95, -235], size does not match; expected: 43, got: 37
[21Jul2025 00:53:24.293] [Server thread/WARN] [net.minecraft.world.level.levelgen.Heightmap/]: Ignoring heightmap data for chunk [95, -235], size does not match; expected: 43, got: 37
[21Jul2025 00:53:24.294] [Server thread/WARN] [net.minecraft.world.level.levelgen.Heightmap/]: Ignoring heightmap data for chunk [95, -235], size does not match; expected: 43, got: 37
[21Jul2025 00:53:24.294] [Server thread/WARN] [net.minecraft.world.level.levelgen.Heightmap/]: Ignoring heightmap data for chunk [95, -235], size does not match; expected: 43, got: 37
[21Jul2025 00:53:24.295] [Server thread/WARN] [net.minecraft.world.level.levelgen.Heightmap/]: Ignoring heightmap data for chunk [96, -235], size does not match; expected: 43, got: 37
[21Jul2025 00:53:24.295] [Server thread/WARN] [net.minecraft.world.level.levelgen.Heightmap/]: Ignoring heightmap data for chunk [96, -235], size does not match; expected: 43, got: 37
[21Jul2025 00:53:24.295] [Server thread/WARN] [net.minecraft.world.level.levelgen.Heightmap/]: Ignoring heightmap data for chunk [96, -235], size does not match; expected: 43, got: 37
[21Jul2025 00:53:24.296] [Server thread/WARN] [net.minecraft.world.level.levelgen.Heightmap/]: Ignoring heightmap data for chunk [96, -235], size does not match; expected: 43, got: 37
[21Jul2025 00:53:24.297] [Server thread/WARN] [net.minecraft.world.level.levelgen.Heightmap/]: Ignoring heightmap data for chunk [97, -235], size does not match; expected: 43, got: 37
[21Jul2025 00:53:24.297] [Server thread/WARN] [net.minecraft.world.level.levelgen.Heightmap/]: Ignoring heightmap data for chunk [97, -235], size does not match; expected: 43, got: 37
[21Jul2025 00:53:24.297] [Server thread/WARN] [net.minecraft.world.level.levelgen.Heightmap/]: Ignoring heightmap data for chunk [97, -235], size does not match; expected: 43, got: 37
[21Jul2025 00:53:24.297] [Server thread/WARN] [net.minecraft.world.level.levelgen.Heightmap/]: Ignoring heightmap data for chunk [97, -235], size does not match; expected: 43, got: 37
[21Jul2025 00:53:24.298] [Server thread/WARN] [net.minecraft.world.level.levelgen.Heightmap/]: Ignoring heightmap data for chunk [98, -235], size does not match; expected: 43, got: 37
[21Jul2025 00:53:24.298] [Server thread/WARN] [net.minecraft.world.level.levelgen.Heightmap/]: Ignoring heightmap data for chunk [98, -235], size does not match; expected: 43, got: 37
[21Jul2025 00:53:24.298] [Server thread/WARN] [net.minecraft.world.level.levelgen.Heightmap/]: Ignoring heightmap data for chunk [98, -235], size does not match; expected: 43, got: 37
[21Jul2025 00:53:24.298] [Server thread/WARN] [net.minecraft.world.level.levelgen.Heightmap/]: Ignoring heightmap data for chunk [98, -235], size does not match; expected: 43, got: 37
[21Jul2025 00:53:24.787] [Server thread/WARN] [net.minecraft.world.level.levelgen.Heightmap/]: Ignoring heightmap data for chunk [103, -233], size does not match; expected: 43, got: 37
[21Jul2025 00:53:24.787] [Server thread/WARN] [net.minecraft.world.level.levelgen.Heightmap/]: Ignoring heightmap data for chunk [103, -233], size does not match; expected: 43, got: 37
[21Jul2025 00:53:24.787] [Server thread/WARN] [net.minecraft.world.level.levelgen.Heightmap/]: Ignoring heightmap data for chunk [103, -233], size does not match; expected: 43, got: 37
[21Jul2025 00:53:24.787] [Server thread/WARN] [net.minecraft.world.level.levelgen.Heightmap/]: Ignoring heightmap data for chunk [103, -233], size does not match; expected: 43, got: 37
[21Jul2025 00:53:24.788] [Server thread/WARN] [net.minecraft.world.level.levelgen.Heightmap/]: Ignoring heightmap data for chunk [104, -233], size does not match; expected: 43, got: 37
[21Jul2025 00:53:24.789] [Server thread/WARN] [net.minecraft.world.level.levelgen.Heightmap/]: Ignoring heightmap data for chunk [104, -233], size does not match; expected: 43, got: 37
[21Jul2025 00:53:24.789] [Server thread/WARN] [net.minecraft.world.level.levelgen.Heightmap/]: Ignoring heightmap data for chunk [104, -233], size does not match; expected: 43, got: 37
[21Jul2025 00:53:24.789] [Server thread/WARN] [net.minecraft.world.level.levelgen.Heightmap/]: Ignoring heightmap data for chunk [104, -233], size does not match; expected: 43, got: 37
[21Jul2025 00:53:24.803] [Server thread/WARN] [net.minecraft.world.level.levelgen.Heightmap/]: Ignoring heightmap data for chunk [103, -232], size does not match; expected: 43, got: 37
[21Jul2025 00:53:24.803] [Server thread/WARN] [net.minecraft.world.level.levelgen.Heightmap/]: Ignoring heightmap data for chunk [103, -232], size does not match; expected: 43, got: 37
[21Jul2025 00:53:24.803] [Server thread/WARN] [net.minecraft.world.level.levelgen.Heightmap/]: Ignoring heightmap data for chunk [103, -232], size does not match; expected: 43, got: 37
[21Jul2025 00:53:24.804] [Server thread/WARN] [net.minecraft.world.level.levelgen.Heightmap/]: Ignoring heightmap data for chunk [103, -232], size does not match; expected: 43, got: 37
[21Jul2025 00:53:24.805] [Server thread/WARN] [net.minecraft.world.level.levelgen.Heightmap/]: Ignoring heightmap data for chunk [104, -232], size does not match; expected: 43, got: 37
[21Jul2025 00:53:24.805] [Server thread/WARN] [net.minecraft.world.level.levelgen.Heightmap/]: Ignoring heightmap data for chunk [104, -232], size does not match; expected: 43, got: 37
[21Jul2025 00:53:24.805] [Server thread/WARN] [net.minecraft.world.level.levelgen.Heightmap/]: Ignoring heightmap data for chunk [104, -232], size does not match; expected: 43, got: 37
[21Jul2025 00:53:24.806] [Server thread/WARN] [net.minecraft.world.level.levelgen.Heightmap/]: Ignoring heightmap data for chunk [104, -232], size does not match; expected: 43, got: 37
[21Jul2025 00:53:24.818] [Server thread/WARN] [net.minecraft.world.level.levelgen.Heightmap/]: Ignoring heightmap data for chunk [103, -231], size does not match; expected: 43, got: 37
[21Jul2025 00:53:24.818] [Server thread/WARN] [net.minecraft.world.level.levelgen.Heightmap/]: Ignoring heightmap data for chunk [103, -231], size does not match; expected: 43, got: 37
[21Jul2025 00:53:24.819] [Server thread/WARN] [net.minecraft.world.level.levelgen.Heightmap/]: Ignoring heightmap data for chunk [103, -231], size does not match; expected: 43, got: 37
[21Jul2025 00:53:24.819] [Server thread/WARN] [net.minecraft.world.level.levelgen.Heightmap/]: Ignoring heightmap data for chunk [103, -231], size does not match; expected: 43, got: 37
[21Jul2025 00:53:24.820] [Server thread/WARN] [net.minecraft.world.level.levelgen.Heightmap/]: Ignoring heightmap data for chunk [104, -231], size does not match; expected: 43, got: 37
[21Jul2025 00:53:24.820] [Server thread/WARN] [net.minecraft.world.level.levelgen.Heightmap/]: Ignoring heightmap data for chunk [104, -231], size does not match; expected: 43, got: 37
[21Jul2025 00:53:24.820] [Server thread/WARN] [net.minecraft.world.level.levelgen.Heightmap/]: Ignoring heightmap data for chunk [104, -231], size does not match; expected: 43, got: 37
[21Jul2025 00:53:24.821] [Server thread/WARN] [net.minecraft.world.level.levelgen.Heightmap/]: Ignoring heightmap data for chunk [104, -231], size does not match; expected: 43, got: 37
[21Jul2025 00:53:24.822] [Server thread/WARN] [net.minecraft.world.level.levelgen.Heightmap/]: Ignoring heightmap data for chunk [105, -231], size does not match; expected: 43, got: 37
[21Jul2025 00:53:24.822] [Server thread/WARN] [net.minecraft.world.level.levelgen.Heightmap/]: Ignoring heightmap data for chunk [105, -231], size does not match; expected: 43, got: 37
[21Jul2025 00:53:24.822] [Server thread/WARN] [net.minecraft.world.level.levelgen.Heightmap/]: Ignoring heightmap data for chunk [105, -231], size does not match; expected: 43, got: 37
[21Jul2025 00:53:24.822] [Server thread/WARN] [net.minecraft.world.level.levelgen.Heightmap/]: Ignoring heightmap data for chunk [105, -231], size does not match; expected: 43, got: 37
[21Jul2025 00:53:24.835] [Server thread/WARN] [net.minecraft.world.level.levelgen.Heightmap/]: Ignoring heightmap data for chunk [103, -230], size does not match; expected: 43, got: 37
[21Jul2025 00:53:24.835] [Server thread/WARN] [net.minecraft.world.level.levelgen.Heightmap/]: Ignoring heightmap data for chunk [103, -230], size does not match; expected: 43, got: 37
[21Jul2025 00:53:24.835] [Server thread/WARN] [net.minecraft.world.level.levelgen.Heightmap/]: Ignoring heightmap data for chunk [103, -230], size does not match; expected: 43, got: 37
[21Jul2025 00:53:24.835] [Server thread/WARN] [net.minecraft.world.level.levelgen.Heightmap/]: Ignoring heightmap data for chunk [103, -230], size does not match; expected: 43, got: 37
[21Jul2025 00:53:24.850] [Server thread/WARN] [net.minecraft.world.level.levelgen.Heightmap/]: Ignoring heightmap data for chunk [104, -230], size does not match; expected: 43, got: 37
[21Jul2025 00:53:24.850] [Server thread/WARN] [net.minecraft.world.level.levelgen.Heightmap/]: Ignoring heightmap data for chunk [104, -230], size does not match; expected: 43, got: 37
[21Jul2025 00:53:24.850] [Server thread/WARN] [net.minecraft.world.level.levelgen.Heightmap/]: Ignoring heightmap data for chunk [104, -230], size does not match; expected: 43, got: 37
[21Jul2025 00:53:24.851] [Server thread/WARN] [net.minecraft.world.level.levelgen.Heightmap/]: Ignoring heightmap data for chunk [104, -230], size does not match; expected: 43, got: 37
[21Jul2025 00:53:24.852] [Server thread/WARN] [net.minecraft.world.level.levelgen.Heightmap/]: Ignoring heightmap data for chunk [105, -230], size does not match; expected: 43, got: 37
[21Jul2025 00:53:24.852] [Server thread/WARN] [net.minecraft.world.level.levelgen.Heightmap/]: Ignoring heightmap data for chunk [105, -230], size does not match; expected: 43, got: 37
[21Jul2025 00:53:24.852] [Server thread/WARN] [net.minecraft.world.level.levelgen.Heightmap/]: Ignoring heightmap data for chunk [105, -230], size does not match; expected: 43, got: 37
[21Jul2025 00:53:24.852] [Server thread/WARN] [net.minecraft.world.level.levelgen.Heightmap/]: Ignoring heightmap data for chunk [105, -230], size does not match; expected: 43, got: 37
[21Jul2025 00:53:24.853] [Server thread/WARN] [net.minecraft.world.level.levelgen.Heightmap/]: Ignoring heightmap data for chunk [106, -230], size does not match; expected: 43, got: 37
[21Jul2025 00:53:24.853] [Server thread/WARN] [net.minecraft.world.level.levelgen.Heightmap/]: Ignoring heightmap data for chunk [106, -230], size does not match; expected: 43, got: 37
[21Jul2025 00:53:24.853] [Server thread/WARN] [net.minecraft.world.level.levelgen.Heightmap/]: Ignoring heightmap data for chunk [106, -230], size does not match; expected: 43, got: 37
[21Jul2025 00:53:24.853] [Server thread/WARN] [net.minecraft.world.level.levelgen.Heightmap/]: Ignoring heightmap data for chunk [106, -230], size does not match; expected: 43, got: 37
[21Jul2025 00:53:24.866] [Server thread/WARN] [net.minecraft.world.level.levelgen.Heightmap/]: Ignoring heightmap data for chunk [103, -229], size does not match; expected: 43, got: 37
[21Jul2025 00:53:24.866] [Server thread/WARN] [net.minecraft.world.level.levelgen.Heightmap/]: Ignoring heightmap data for chunk [103, -229], size does not match; expected: 43, got: 37
[21Jul2025 00:53:24.866] [Server thread/WARN] [net.minecraft.world.level.levelgen.Heightmap/]: Ignoring heightmap data for chunk [103, -229], size does not match; expected: 43, got: 37
[21Jul2025 00:53:24.867] [Server thread/WARN] [net.minecraft.world.level.levelgen.Heightmap/]: Ignoring heightmap data for chunk [103, -229], size does not match; expected: 43, got: 37
[21Jul2025 00:53:24.868] [Server thread/WARN] [net.minecraft.world.level.levelgen.Heightmap/]: Ignoring heightmap data for chunk [104, -229], size does not match; expected: 43, got: 37
[21Jul2025 00:53:24.868] [Server thread/WARN] [net.minecraft.world.level.levelgen.Heightmap/]: Ignoring heightmap data for chunk [104, -229], size does not match; expected: 43, got: 37
[21Jul2025 00:53:24.868] [Server thread/WARN] [net.minecraft.world.level.levelgen.Heightmap/]: Ignoring heightmap data for chunk [104, -229], size does not match; expected: 43, got: 37
[21Jul2025 00:53:24.868] [Server thread/WARN] [net.minecraft.world.level.levelgen.Heightmap/]: Ignoring heightmap data for chunk [104, -229], size does not match; expected: 43, got: 37
[21Jul2025 00:53:24.869] [Server thread/WARN] [net.minecraft.world.level.levelgen.Heightmap/]: Ignoring heightmap data for chunk [105, -229], size does not match; expected: 43, got: 37
[21Jul2025 00:53:24.869] [Server thread/WARN] [net.minecraft.world.level.levelgen.Heightmap/]: Ignoring heightmap data for chunk [105, -229], size does not match; expected: 43, got: 37
[21Jul2025 00:53:24.869] [Server thread/WARN] [net.minecraft.world.level.levelgen.Heightmap/]: Ignoring heightmap data for chunk [105, -229], size does not match; expected: 43, got: 37
[21Jul2025 00:53:24.870] [Server thread/WARN] [net.minecraft.world.level.levelgen.Heightmap/]: Ignoring heightmap data for chunk [105, -229], size does not match; expected: 43, got: 37
[21Jul2025 00:53:24.870] [Server thread/WARN] [net.minecraft.world.level.levelgen.Heightmap/]: Ignoring heightmap data for chunk [106, -229], size does not match; expected: 43, got: 37
[21Jul2025 00:53:24.871] [Server thread/WARN] [net.minecraft.world.level.levelgen.Heightmap/]: Ignoring heightmap data for chunk [106, -229], size does not match; expected: 43, got: 37
[21Jul2025 00:53:24.871] [Server thread/WARN] [net.minecraft.world.level.levelgen.Heightmap/]: Ignoring heightmap data for chunk [106, -229], size does not match; expected: 43, got: 37
[21Jul2025 00:53:24.871] [Server thread/WARN] [net.minecraft.world.level.levelgen.Heightmap/]: Ignoring heightmap data for chunk [106, -229], size does not match; expected: 43, got: 37
[21Jul2025 00:53:24.885] [Server thread/WARN] [net.minecraft.world.level.levelgen.Heightmap/]: Ignoring heightmap data for chunk [103, -228], size does not match; expected: 43, got: 37
[21Jul2025 00:53:24.886] [Server thread/WARN] [net.minecraft.world.level.levelgen.Heightmap/]: Ignoring heightmap data for chunk [103, -228], size does not match; expected: 43, got: 37
[21Jul2025 00:53:24.886] [Server thread/WARN] [net.minecraft.world.level.levelgen.Heightmap/]: Ignoring heightmap data for chunk [103, -228], size does not match; expected: 43, got: 37
[21Jul2025 00:53:24.886] [Server thread/WARN] [net.minecraft.world.level.levelgen.Heightmap/]: Ignoring heightmap data for chunk [103, -228], size does not match; expected: 43, got: 37
[21Jul2025 00:53:24.887] [Server thread/WARN] [net.minecraft.world.level.levelgen.Heightmap/]: Ignoring heightmap data for chunk [104, -228], size does not match; expected: 43, got: 37
[21Jul2025 00:53:24.887] [Server thread/WARN] [net.minecraft.world.level.levelgen.Heightmap/]: Ignoring heightmap data for chunk [104, -228], size does not match; expected: 43, got: 37
[21Jul2025 00:53:24.887] [Server thread/WARN] [net.minecraft.world.level.levelgen.Heightmap/]: Ignoring heightmap data for chunk [104, -228], size does not match; expected: 43, got: 37
[21Jul2025 00:53:24.887] [Server thread/WARN] [net.minecraft.world.level.levelgen.Heightmap/]: Ignoring heightmap data for chunk [104, -228], size does not match; expected: 43, got: 37
[21Jul2025 00:53:24.888] [Server thread/WARN] [net.minecraft.world.level.levelgen.Heightmap/]: Ignoring heightmap data for chunk [105, -228], size does not match; expected: 43, got: 37
[21Jul2025 00:53:24.888] [Server thread/WARN] [net.minecraft.world.level.levelgen.Heightmap/]: Ignoring heightmap data for chunk [105, -228], size does not match; expected: 43, got: 37
[21Jul2025 00:53:24.889] [Server thread/WARN] [net.minecraft.world.level.levelgen.Heightmap/]: Ignoring heightmap data for chunk [105, -228], size does not match; expected: 43, got: 37
[21Jul2025 00:53:24.889] [Server thread/WARN] [net.minecraft.world.level.levelgen.Heightmap/]: Ignoring heightmap data for chunk [105, -228], size does not match; expected: 43, got: 37
[21Jul2025 00:53:24.890] [Server thread/WARN] [net.minecraft.world.level.levelgen.Heightmap/]: Ignoring heightmap data for chunk [106, -228], size does not match; expected: 43, got: 37
[21Jul2025 00:53:24.890] [Server thread/WARN] [net.minecraft.world.level.levelgen.Heightmap/]: Ignoring heightmap data for chunk [106, -228], size does not match; expected: 43, got: 37
[21Jul2025 00:53:24.890] [Server thread/WARN] [net.minecraft.world.level.levelgen.Heightmap/]: Ignoring heightmap data for chunk [106, -228], size does not match; expected: 43, got: 37
[21Jul2025 00:53:24.890] [Server thread/WARN] [net.minecraft.world.level.levelgen.Heightmap/]: Ignoring heightmap data for chunk [106, -228], size does not match; expected: 43, got: 37
[21Jul2025 00:53:24.891] [Server thread/WARN] [net.minecraft.world.level.levelgen.Heightmap/]: Ignoring heightmap data for chunk [107, -228], size does not match; expected: 43, got: 37
[21Jul2025 00:53:24.891] [Server thread/WARN] [net.minecraft.world.level.levelgen.Heightmap/]: Ignoring heightmap data for chunk [107, -228], size does not match; expected: 43, got: 37
[21Jul2025 00:53:24.891] [Server thread/WARN] [net.minecraft.world.level.levelgen.Heightmap/]: Ignoring heightmap data for chunk [107, -228], size does not match; expected: 43, got: 37
[21Jul2025 00:53:24.892] [Server thread/WARN] [net.minecraft.world.level.levelgen.Heightmap/]: Ignoring heightmap data for chunk [107, -228], size does not match; expected: 43, got: 37
[21Jul2025 00:56:13.561] [Server thread/WARN] [net.minecraft.world.level.levelgen.Heightmap/]: Ignoring heightmap data for chunk [148, -270], size does not match; expected: 43, got: 37
[21Jul2025 00:56:13.561] [Server thread/WARN] [net.minecraft.world.level.levelgen.Heightmap/]: Ignoring heightmap data for chunk [148, -270], size does not match; expected: 43, got: 37
[21Jul2025 00:56:13.562] [Server thread/WARN] [net.minecraft.world.level.levelgen.Heightmap/]: Ignoring heightmap data for chunk [148, -270], size does not match; expected: 43, got: 37
[21Jul2025 00:56:13.562] [Server thread/WARN] [net.minecraft.world.level.levelgen.Heightmap/]: Ignoring heightmap data for chunk [148, -270], size does not match; expected: 43, got: 37
[21Jul2025 00:58:32.056] [Server thread/INFO] [net.minecraft.server.MinecraftServer/]: Color_duty fell from a high place
[21Jul2025 00:58:32.065] [Server thread/INFO] [tombstone/]: The player Color_duty has successfully been saved
[21Jul2025 00:58:34.421] [Server thread/WARN] [net.minecraft.world.level.levelgen.Heightmap/]: Ignoring heightmap data for chunk [101, -234], size does not match; expected: 43, got: 37
[21Jul2025 00:58:34.422] [Server thread/WARN] [net.minecraft.world.level.levelgen.Heightmap/]: Ignoring heightmap data for chunk [101, -234], size does not match; expected: 43, got: 37
[21Jul2025 00:58:34.422] [Server thread/WARN] [net.minecraft.world.level.levelgen.Heightmap/]: Ignoring heightmap data for chunk [101, -234], size does not match; expected: 43, got: 37
[21Jul2025 00:58:34.422] [Server thread/WARN] [net.minecraft.world.level.levelgen.Heightmap/]: Ignoring heightmap data for chunk [101, -234], size does not match; expected: 43, got: 37
[21Jul2025 00:58:38.740] [Server thread/WARN] [net.minecraft.world.level.levelgen.Heightmap/]: Ignoring heightmap data for chunk [130, -277], size does not match; expected: 43, got: 37
[21Jul2025 00:58:38.740] [Server thread/WARN] [net.minecraft.world.level.levelgen.Heightmap/]: Ignoring heightmap data for chunk [130, -277], size does not match; expected: 43, got: 37
[21Jul2025 00:58:38.740] [Server thread/WARN] [net.minecraft.world.level.levelgen.Heightmap/]: Ignoring heightmap data for chunk [130, -277], size does not match; expected: 43, got: 37
[21Jul2025 00:58:38.740] [Server thread/WARN] [net.minecraft.world.level.levelgen.Heightmap/]: Ignoring heightmap data for chunk [130, -277], size does not match; expected: 43, got: 37
[21Jul2025 00:58:38.742] [Server thread/WARN] [net.minecraft.world.level.levelgen.Heightmap/]: Ignoring heightmap data for chunk [131, -277], size does not match; expected: 43, got: 37
[21Jul2025 00:58:38.742] [Server thread/WARN] [net.minecraft.world.level.levelgen.Heightmap/]: Ignoring heightmap data for chunk [131, -277], size does not match; expected: 43, got: 37
[21Jul2025 00:58:38.742] [Server thread/WARN] [net.minecraft.world.level.levelgen.Heightmap/]: Ignoring heightmap data for chunk [131, -277], size does not match; expected: 43, got: 37
[21Jul2025 00:58:38.742] [Server thread/WARN] [net.minecraft.world.level.levelgen.Heightmap/]: Ignoring heightmap data for chunk [131, -277], size does not match; expected: 43, got: 37
[21Jul2025 00:58:38.744] [Server thread/WARN] [net.minecraft.world.level.levelgen.Heightmap/]: Ignoring heightmap data for chunk [132, -277], size does not match; expected: 43, got: 37
[21Jul2025 00:58:38.745] [Server thread/WARN] [net.minecraft.world.level.levelgen.Heightmap/]: Ignoring heightmap data for chunk [132, -277], size does not match; expected: 43, got: 37
[21Jul2025 00:58:38.745] [Server thread/WARN] [net.minecraft.world.level.levelgen.Heightmap/]: Ignoring heightmap data for chunk [132, -277], size does not match; expected: 43, got: 37
[21Jul2025 00:58:38.745] [Server thread/WARN] [net.minecraft.world.level.levelgen.Heightmap/]: Ignoring heightmap data for chunk [132, -277], size does not match; expected: 43, got: 37
[21Jul2025 00:58:38.746] [Server thread/WARN] [net.minecraft.world.level.levelgen.Heightmap/]: Ignoring heightmap data for chunk [133, -277], size does not match; expected: 43, got: 37
[21Jul2025 00:58:38.747] [Server thread/WARN] [net.minecraft.world.level.levelgen.Heightmap/]: Ignoring heightmap data for chunk [133, -277], size does not match; expected: 43, got: 37
[21Jul2025 00:58:38.747] [Server thread/WARN] [net.minecraft.world.level.levelgen.Heightmap/]: Ignoring heightmap data for chunk [133, -277], size does not match; expected: 43, got: 37
[21Jul2025 00:58:38.747] [Server thread/WARN] [net.minecraft.world.level.levelgen.Heightmap/]: Ignoring heightmap data for chunk [133, -277], size does not match; expected: 43, got: 37
[21Jul2025 00:58:38.748] [Server thread/WARN] [net.minecraft.world.level.levelgen.Heightmap/]: Ignoring heightmap data for chunk [134, -277], size does not match; expected: 43, got: 37
[21Jul2025 00:58:38.749] [Server thread/WARN] [net.minecraft.world.level.levelgen.Heightmap/]: Ignoring heightmap data for chunk [134, -277], size does not match; expected: 43, got: 37
[21Jul2025 00:58:38.749] [Server thread/WARN] [net.minecraft.world.level.levelgen.Heightmap/]: Ignoring heightmap data for chunk [134, -277], size does not match; expected: 43, got: 37
[21Jul2025 00:58:38.749] [Server thread/WARN] [net.minecraft.world.level.levelgen.Heightmap/]: Ignoring heightmap data for chunk [134, -277], size does not match; expected: 43, got: 37
[21Jul2025 00:58:38.750] [Server thread/WARN] [net.minecraft.world.level.levelgen.Heightmap/]: Ignoring heightmap data for chunk [135, -277], size does not match; expected: 43, got: 37
[21Jul2025 00:58:38.750] [Server thread/WARN] [net.minecraft.world.level.levelgen.Heightmap/]: Ignoring heightmap data for chunk [135, -277], size does not match; expected: 43, got: 37
[21Jul2025 00:58:38.750] [Server thread/WARN] [net.minecraft.world.level.levelgen.Heightmap/]: Ignoring heightmap data for chunk [135, -277], size does not match; expected: 43, got: 37
[21Jul2025 00:58:38.750] [Server thread/WARN] [net.minecraft.world.level.levelgen.Heightmap/]: Ignoring heightmap data for chunk [135, -277], size does not match; expected: 43, got: 37
[21Jul2025 00:58:38.751] [Server thread/WARN] [net.minecraft.world.level.levelgen.Heightmap/]: Ignoring heightmap data for chunk [136, -277], size does not match; expected: 43, got: 37
[21Jul2025 00:58:38.752] [Server thread/WARN] [net.minecraft.world.level.levelgen.Heightmap/]: Ignoring heightmap data for chunk [136, -277], size does not match; expected: 43, got: 37
[21Jul2025 00:58:38.752] [Server thread/WARN] [net.minecraft.world.level.levelgen.Heightmap/]: Ignoring heightmap data for chunk [136, -277], size does not match; expected: 43, got: 37
[21Jul2025 00:58:38.752] [Server thread/WARN] [net.minecraft.world.level.levelgen.Heightmap/]: Ignoring heightmap data for chunk [136, -277], size does not match; expected: 43, got: 37
[21Jul2025 00:58:38.753] [Server thread/WARN] [net.minecraft.world.level.levelgen.Heightmap/]: Ignoring heightmap data for chunk [137, -277], size does not match; expected: 43, got: 37
[21Jul2025 00:58:38.754] [Server thread/WARN] [net.minecraft.world.level.levelgen.Heightmap/]: Ignoring heightmap data for chunk [137, -277], size does not match; expected: 43, got: 37
[21Jul2025 00:58:38.754] [Server thread/WARN] [net.minecraft.world.level.levelgen.Heightmap/]: Ignoring heightmap data for chunk [137, -277], size does not match; expected: 43, got: 37
[21Jul2025 00:58:38.754] [Server thread/WARN] [net.minecraft.world.level.levelgen.Heightmap/]: Ignoring heightmap data for chunk [137, -277], size does not match; expected: 43, got: 37
[21Jul2025 00:58:38.755] [Server thread/WARN] [net.minecraft.world.level.levelgen.Heightmap/]: Ignoring heightmap data for chunk [138, -277], size does not match; expected: 43, got: 37
[21Jul2025 00:58:38.755] [Server thread/WARN] [net.minecraft.world.level.levelgen.Heightmap/]: Ignoring heightmap data for chunk [138, -277], size does not match; expected: 43, got: 37
[21Jul2025 00:58:38.756] [Server thread/WARN] [net.minecraft.world.level.levelgen.Heightmap/]: Ignoring heightmap data for chunk [138, -277], size does not match; expected: 43, got: 37
[21Jul2025 00:58:38.756] [Server thread/WARN] [net.minecraft.world.level.levelgen.Heightmap/]: Ignoring heightmap data for chunk [138, -277], size does not match; expected: 43, got: 37
[21Jul2025 00:58:38.757] [Server thread/WARN] [net.minecraft.world.level.levelgen.Heightmap/]: Ignoring heightmap data for chunk [139, -277], size does not match; expected: 43, got: 37
[21Jul2025 00:58:38.758] [Server thread/WARN] [net.minecraft.world.level.levelgen.Heightmap/]: Ignoring heightmap data for chunk [139, -277], size does not match; expected: 43, got: 37
[21Jul2025 00:58:38.758] [Server thread/WARN] [net.minecraft.world.level.levelgen.Heightmap/]: Ignoring heightmap data for chunk [139, -277], size does not match; expected: 43, got: 37
[21Jul2025 00:58:38.758] [Server thread/WARN] [net.minecraft.world.level.levelgen.Heightmap/]: Ignoring heightmap data for chunk [139, -277], size does not match; expected: 43, got: 37
[21Jul2025 00:58:38.760] [Server thread/WARN] [net.minecraft.world.level.levelgen.Heightmap/]: Ignoring heightmap data for chunk [140, -277], size does not match; expected: 43, got: 37
[21Jul2025 00:58:38.760] [Server thread/WARN] [net.minecraft.world.level.levelgen.Heightmap/]: Ignoring heightmap data for chunk [140, -277], size does not match; expected: 43, got: 37
[21Jul2025 00:58:38.760] [Server thread/WARN] [net.minecraft.world.level.levelgen.Heightmap/]: Ignoring heightmap data for chunk [140, -277], size does not match; expected: 43, got: 37
[21Jul2025 00:58:38.761] [Server thread/WARN] [net.minecraft.world.level.levelgen.Heightmap/]: Ignoring heightmap data for chunk [140, -277], size does not match; expected: 43, got: 37
[21Jul2025 00:58:38.761] [Server thread/WARN] [net.minecraft.world.level.levelgen.Heightmap/]: Ignoring heightmap data for chunk [141, -277], size does not match; expected: 43, got: 37
[21Jul2025 00:58:38.761] [Server thread/WARN] [net.minecraft.world.level.levelgen.Heightmap/]: Ignoring heightmap data for chunk [141, -277], size does not match; expected: 43, got: 37
[21Jul2025 00:58:38.762] [Server thread/WARN] [net.minecraft.world.level.levelgen.Heightmap/]: Ignoring heightmap data for chunk [141, -277], size does not match; expected: 43, got: 37
[21Jul2025 00:58:38.762] [Server thread/WARN] [net.minecraft.world.level.levelgen.Heightmap/]: Ignoring heightmap data for chunk [141, -277], size does not match; expected: 43, got: 37
[21Jul2025 00:58:38.763] [Server thread/WARN] [net.minecraft.world.level.levelgen.Heightmap/]: Ignoring heightmap data for chunk [142, -277], size does not match; expected: 43, got: 37
[21Jul2025 00:58:38.763] [Server thread/WARN] [net.minecraft.world.level.levelgen.Heightmap/]: Ignoring heightmap data for chunk [142, -277], size does not match; expected: 43, got: 37
[21Jul2025 00:58:38.763] [Server thread/WARN] [net.minecraft.world.level.levelgen.Heightmap/]: Ignoring heightmap data for chunk [142, -277], size does not match; expected: 43, got: 37
[21Jul2025 00:58:38.763] [Server thread/WARN] [net.minecraft.world.level.levelgen.Heightmap/]: Ignoring heightmap data for chunk [142, -277], size does not match; expected: 43, got: 37
[21Jul2025 00:58:38.764] [Server thread/WARN] [net.minecraft.world.level.levelgen.Heightmap/]: Ignoring heightmap data for chunk [143, -277], size does not match; expected: 43, got: 37
[21Jul2025 00:58:38.765] [Server thread/WARN] [net.minecraft.world.level.levelgen.Heightmap/]: Ignoring heightmap data for chunk [143, -277], size does not match; expected: 43, got: 37
[21Jul2025 00:58:38.765] [Server thread/WARN] [net.minecraft.world.level.levelgen.Heightmap/]: Ignoring heightmap data for chunk [143, -277], size does not match; expected: 43, got: 37
[21Jul2025 00:58:38.765] [Server thread/WARN] [net.minecraft.world.level.levelgen.Heightmap/]: Ignoring heightmap data for chunk [143, -277], size does not match; expected: 43, got: 37
[21Jul2025 00:58:38.766] [Server thread/WARN] [net.minecraft.world.level.levelgen.Heightmap/]: Ignoring heightmap data for chunk [144, -277], size does not match; expected: 43, got: 37
[21Jul2025 00:58:38.766] [Server thread/WARN] [net.minecraft.world.level.levelgen.Heightmap/]: Ignoring heightmap data for chunk [144, -277], size does not match; expected: 43, got: 37
[21Jul2025 00:58:38.766] [Server thread/WARN] [net.minecraft.world.level.levelgen.Heightmap/]: Ignoring heightmap data for chunk [144, -277], size does not match; expected: 43, got: 37
[21Jul2025 00:58:38.766] [Server thread/WARN] [net.minecraft.world.level.levelgen.Heightmap/]: Ignoring heightmap data for chunk [144, -277], size does not match; expected: 43, got: 37
[21Jul2025 00:58:38.767] [Server thread/WARN] [net.minecraft.world.level.levelgen.Heightmap/]: Ignoring heightmap data for chunk [145, -277], size does not match; expected: 43, got: 37
[21Jul2025 00:58:38.767] [Server thread/WARN] [net.minecraft.world.level.levelgen.Heightmap/]: Ignoring heightmap data for chunk [145, -277], size does not match; expected: 43, got: 37
[21Jul2025 00:58:38.767] [Server thread/WARN] [net.minecraft.world.level.levelgen.Heightmap/]: Ignoring heightmap data for chunk [145, -277], size does not match; expected: 43, got: 37
[21Jul2025 00:58:38.767] [Server thread/WARN] [net.minecraft.world.level.levelgen.Heightmap/]: Ignoring heightmap data for chunk [145, -277], size does not match; expected: 43, got: 37
[21Jul2025 00:58:38.769] [Server thread/WARN] [net.minecraft.world.level.levelgen.Heightmap/]: Ignoring heightmap data for chunk [146, -277], size does not match; expected: 43, got: 37
[21Jul2025 00:58:38.769] [Server thread/WARN] [net.minecraft.world.level.levelgen.Heightmap/]: Ignoring heightmap data for chunk [146, -277], size does not match; expected: 43, got: 37
[21Jul2025 00:58:38.769] [Server thread/WARN] [net.minecraft.world.level.levelgen.Heightmap/]: Ignoring heightmap data for chunk [146, -277], size does not match; expected: 43, got: 37
[21Jul2025 00:58:38.769] [Server thread/WARN] [net.minecraft.world.level.levelgen.Heightmap/]: Ignoring heightmap data for chunk [146, -277], size does not match; expected: 43, got: 37
[21Jul2025 00:58:38.770] [Server thread/WARN] [net.minecraft.world.level.levelgen.Heightmap/]: Ignoring heightmap data for chunk [130, -276], size does not match; expected: 43, got: 37
[21Jul2025 00:58:38.770] [Server thread/WARN] [net.minecraft.world.level.levelgen.Heightmap/]: Ignoring heightmap data for chunk [130, -276], size does not match; expected: 43, got: 37
[21Jul2025 00:58:38.771] [Server thread/WARN] [net.minecraft.world.level.levelgen.Heightmap/]: Ignoring heightmap data for chunk [130, -276], size does not match; expected: 43, got: 37
[21Jul2025 00:58:38.771] [Server thread/WARN] [net.minecraft.world.level.levelgen.Heightmap/]: Ignoring heightmap data for chunk [130, -276], size does not match; expected: 43, got: 37
[21Jul2025 00:58:38.773] [Server thread/WARN] [net.minecraft.world.level.levelgen.Heightmap/]: Ignoring heightmap data for chunk [131, -276], size does not match; expected: 43, got: 37
[21Jul2025 00:58:38.773] [Server thread/WARN] [net.minecraft.world.level.levelgen.Heightmap/]: Ignoring heightmap data for chunk [131, -276], size does not match; expected: 43, got: 37
[21Jul2025 00:58:38.773] [Server thread/WARN] [net.minecraft.world.level.levelgen.Heightmap/]: Ignoring heightmap data for chunk [131, -276], size does not match; expected: 43, got: 37
[21Jul2025 00:58:38.773] [Server thread/WARN] [net.minecraft.world.level.levelgen.Heightmap/]: Ignoring heightmap data for chunk [131, -276], size does not match; expected: 43, got: 37
[21Jul2025 00:58:38.774] [Server thread/WARN] [net.minecraft.world.level.levelgen.Heightmap/]: Ignoring heightmap data for chunk [132, -276], size does not match; expected: 43, got: 37
[21Jul2025 00:58:38.775] [Server thread/WARN] [net.minecraft.world.level.levelgen.Heightmap/]: Ignoring heightmap data for chunk [132, -276], size does not match; expected: 43, got: 37
[21Jul2025 00:58:38.775] [Server thread/WARN] [net.minecraft.world.level.levelgen.Heightmap/]: Ignoring heightmap data for chunk [132, -276], size does not match; expected: 43, got: 37
[21Jul2025 00:58:38.775] [Server thread/WARN] [net.minecraft.world.level.levelgen.Heightmap/]: Ignoring heightmap data for chunk [132, -276], size does not match; expected: 43, got: 37
[21Jul2025 00:58:38.776] [Server thread/WARN] [net.minecraft.world.level.levelgen.Heightmap/]: Ignoring heightmap data for chunk [133, -276], size does not match; expected: 43, got: 37
[21Jul2025 00:58:38.776] [Server thread/WARN] [net.minecraft.world.level.levelgen.Heightmap/]: Ignoring heightmap data for chunk [133, -276], size does not match; expected: 43, got: 37
[21Jul2025 00:58:38.776] [Server thread/WARN] [net.minecraft.world.level.levelgen.Heightmap/]: Ignoring heightmap data for chunk [133, -276], size does not match; expected: 43, got: 37
[21Jul2025 00:58:38.776] [Server thread/WARN] [net.minecraft.world.level.levelgen.Heightmap/]: Ignoring heightmap data for chunk [133, -276], size does not match; expected: 43, got: 37
[21Jul2025 00:58:38.777] [Server thread/WARN] [net.minecraft.world.level.levelgen.Heightmap/]: Ignoring heightmap data for chunk [134, -276], size does not match; expected: 43, got: 37
[21Jul2025 00:58:38.777] [Server thread/WARN] [net.minecraft.world.level.levelgen.Heightmap/]: Ignoring heightmap data for chunk [134, -276], size does not match; expected: 43, got: 37
[21Jul2025 00:58:38.777] [Server thread/WARN] [net.minecraft.world.level.levelgen.Heightmap/]: Ignoring heightmap data for chunk [134, -276], size does not match; expected: 43, got: 37
[21Jul2025 00:58:38.777] [Server thread/WARN] [net.minecraft.world.level.levelgen.Heightmap/]: Ignoring heightmap data for chunk [134, -276], size does not match; expected: 43, got: 37
[21Jul2025 00:58:38.779] [Server thread/WARN] [net.minecraft.world.level.levelgen.Heightmap/]: Ignoring heightmap data for chunk [135, -276], size does not match; expected: 43, got: 37
[21Jul2025 00:58:38.779] [Server thread/WARN] [net.minecraft.world.level.levelgen.Heightmap/]: Ignoring heightmap data for chunk [135, -276], size does not match; expected: 43, got: 37
[21Jul2025 00:58:38.779] [Server thread/WARN] [net.minecraft.world.level.levelgen.Heightmap/]: Ignoring heightmap data for chunk [135, -276], size does not match; expected: 43, got: 37
[21Jul2025 00:58:38.779] [Server thread/WARN] [net.minecraft.world.level.levelgen.Heightmap/]: Ignoring heightmap data for chunk [135, -276], size does not match; expected: 43, got: 37
[21Jul2025 00:58:38.780] [Server thread/WARN] [net.minecraft.world.level.levelgen.Heightmap/]: Ignoring heightmap data for chunk [136, -276], size does not match; expected: 43, got: 37
[21Jul2025 00:58:38.780] [Server thread/WARN] [net.minecraft.world.level.levelgen.Heightmap/]: Ignoring heightmap data for chunk [136, -276], size does not match; expected: 43, got: 37
[21Jul2025 00:58:38.780] [Server thread/WARN] [net.minecraft.world.level.levelgen.Heightmap/]: Ignoring heightmap data for chunk [136, -276], size does not match; expected: 43, got: 37
[21Jul2025 00:58:38.780] [Server thread/WARN] [net.minecraft.world.level.levelgen.Heightmap/]: Ignoring heightmap data for chunk [136, -276], size does not match; expected: 43, got: 37
[21Jul2025 00:58:38.781] [Server thread/WARN] [net.minecraft.world.level.levelgen.Heightmap/]: Ignoring heightmap data for chunk [137, -276], size does not match; expected: 43, got: 37
[21Jul2025 00:58:38.781] [Server thread/WARN] [net.minecraft.world.level.levelgen.Heightmap/]: Ignoring heightmap data for chunk [137, -276], size does not match; expected: 43, got: 37
[21Jul2025 00:58:38.781] [Server thread/WARN] [net.minecraft.world.level.levelgen.Heightmap/]: Ignoring heightmap data for chunk [137, -276], size does not match; expected: 43, got: 37
[21Jul2025 00:58:38.781] [Server thread/WARN] [net.minecraft.world.level.levelgen.Heightmap/]: Ignoring heightmap data for chunk [137, -276], size does not match; expected: 43, got: 37
[21Jul2025 00:58:38.782] [Server thread/WARN] [net.minecraft.world.level.levelgen.Heightmap/]: Ignoring heightmap data for chunk [138, -276], size does not match; expected: 43, got: 37
[21Jul2025 00:58:38.782] [Server thread/WARN] [net.minecraft.world.level.levelgen.Heightmap/]: Ignoring heightmap data for chunk [138, -276], size does not match; expected: 43, got: 37
[21Jul2025 00:58:38.783] [Server thread/WARN] [net.minecraft.world.level.levelgen.Heightmap/]: Ignoring heightmap data for chunk [138, -276], size does not match; expected: 43, got: 37
[21Jul2025 00:58:38.783] [Server thread/WARN] [net.minecraft.world.level.levelgen.Heightmap/]: Ignoring heightmap data for chunk [138, -276], size does not match; expected: 43, got: 37
[21Jul2025 00:58:38.784] [Server thread/WARN] [net.minecraft.world.level.levelgen.Heightmap/]: Ignoring heightmap data for chunk [139, -276], size does not match; expected: 43, got: 37
[21Jul2025 00:58:38.784] [Server thread/WARN] [net.minecraft.world.level.levelgen.Heightmap/]: Ignoring heightmap data for chunk [139, -276], size does not match; expected: 43, got: 37
[21Jul2025 00:58:38.784] [Server thread/WARN] [net.minecraft.world.level.levelgen.Heightmap/]: Ignoring heightmap data for chunk [139, -276], size does not match; expected: 43, got: 37
[21Jul2025 00:58:38.784] [Server thread/WARN] [net.minecraft.world.level.levelgen.Heightmap/]: Ignoring heightmap data for chunk [139, -276], size does not match; expected: 43, got: 37
[21Jul2025 00:58:38.797] [Server thread/WARN] [net.minecraft.world.level.levelgen.Heightmap/]: Ignoring heightmap data for chunk [140, -276], size does not match; expected: 43, got: 37
[21Jul2025 00:58:38.798] [Server thread/WARN] [net.minecraft.world.level.levelgen.Heightmap/]: Ignoring heightmap data for chunk [140, -276], size does not match; expected: 43, got: 37
[21Jul2025 00:58:38.798] [Server thread/WARN] [net.minecraft.world.level.levelgen.Heightmap/]: Ignoring heightmap data for chunk [140, -276], size does not match; expected: 43, got: 37
[21Jul2025 00:58:38.798] [Server thread/WARN] [net.minecraft.world.level.levelgen.Heightmap/]: Ignoring heightmap data for chunk [140, -276], size does not match; expected: 43, got: 37
[21Jul2025 00:58:38.799] [Server thread/WARN] [net.minecraft.world.level.levelgen.Heightmap/]: Ignoring heightmap data for chunk [141, -276], size does not match; expected: 43, got: 37
[21Jul2025 00:58:38.799] [Server thread/WARN] [net.minecraft.world.level.levelgen.Heightmap/]: Ignoring heightmap data for chunk [141, -276], size does not match; expected: 43, got: 37
[21Jul2025 00:58:38.799] [Server thread/WARN] [net.minecraft.world.level.levelgen.Heightmap/]: Ignoring heightmap data for chunk [141, -276], size does not match; expected: 43, got: 37
[21Jul2025 00:58:38.800] [Server thread/WARN] [net.minecraft.world.level.levelgen.Heightmap/]: Ignoring heightmap data for chunk [141, -276], size does not match; expected: 43, got: 37
[21Jul2025 00:58:38.801] [Server thread/WARN] [net.minecraft.world.level.levelgen.Heightmap/]: Ignoring heightmap data for chunk [142, -276], size does not match; expected: 43, got: 37
[21Jul2025 00:58:38.801] [Server thread/WARN] [net.minecraft.world.level.levelgen.Heightmap/]: Ignoring heightmap data for chunk [142, -276], size does not match; expected: 43, got: 37
[21Jul2025 00:58:38.801] [Server thread/WARN] [net.minecraft.world.level.levelgen.Heightmap/]: Ignoring heightmap data for chunk [142, -276], size does not match; expected: 43, got: 37
[21Jul2025 00:58:38.801] [Server thread/WARN] [net.minecraft.world.level.levelgen.Heightmap/]: Ignoring heightmap data for chunk [142, -276], size does not match; expected: 43, got: 37
[21Jul2025 00:58:38.803] [Server thread/WARN] [net.minecraft.world.level.levelgen.Heightmap/]: Ignoring heightmap data for chunk [143, -276], size does not match; expected: 43, got: 37
[21Jul2025 00:58:38.804] [Server thread/WARN] [net.minecraft.world.level.levelgen.Heightmap/]: Ignoring heightmap data for chunk [143, -276], size does not match; expected: 43, got: 37
[21Jul2025 00:58:38.804] [Server thread/WARN] [net.minecraft.world.level.levelgen.Heightmap/]: Ignoring heightmap data for chunk [143, -276], size does not match; expected: 43, got: 37
[21Jul2025 00:58:38.804] [Server thread/WARN] [net.minecraft.world.level.levelgen.Heightmap/]: Ignoring heightmap data for chunk [143, -276], size does not match; expected: 43, got: 37
[21Jul2025 00:58:38.805] [Server thread/WARN] [net.minecraft.world.level.levelgen.Heightmap/]: Ignoring heightmap data for chunk [144, -276], size does not match; expected: 43, got: 37
[21Jul2025 00:58:38.806] [Server thread/WARN] [net.minecraft.world.level.levelgen.Heightmap/]: Ignoring heightmap data for chunk [144, -276], size does not match; expected: 43, got: 37
[21Jul2025 00:58:38.806] [Server thread/WARN] [net.minecraft.world.level.levelgen.Heightmap/]: Ignoring heightmap data for chunk [144, -276], size does not match; expected: 43, got: 37
[21Jul2025 00:58:38.806] [Server thread/WARN] [net.minecraft.world.level.levelgen.Heightmap/]: Ignoring heightmap data for chunk [144, -276], size does not match; expected: 43, got: 37
[21Jul2025 00:58:38.807] [Server thread/WARN] [net.minecraft.world.level.levelgen.Heightmap/]: Ignoring heightmap data for chunk [145, -276], size does not match; expected: 43, got: 37
[21Jul2025 00:58:38.807] [Server thread/WARN] [net.minecraft.world.level.levelgen.Heightmap/]: Ignoring heightmap data for chunk [145, -276], size does not match; expected: 43, got: 37
[21Jul2025 00:58:38.807] [Server thread/WARN] [net.minecraft.world.level.levelgen.Heightmap/]: Ignoring heightmap data for chunk [145, -276], size does not match; expected: 43, got: 37
[21Jul2025 00:58:38.808] [Server thread/WARN] [net.minecraft.world.level.levelgen.Heightmap/]: Ignoring heightmap data for chunk [145, -276], size does not match; expected: 43, got: 37
[21Jul2025 00:58:38.809] [Server thread/WARN] [net.minecraft.world.level.levelgen.Heightmap/]: Ignoring heightmap data for chunk [146, -276], size does not match; expected: 43, got: 37
[21Jul2025 00:58:38.809] [Server thread/WARN] [net.minecraft.world.level.levelgen.Heightmap/]: Ignoring heightmap data for chunk [146, -276], size does not match; expected: 43, got: 37
[21Jul2025 00:58:38.809] [Server thread/WARN] [net.minecraft.world.level.levelgen.Heightmap/]: Ignoring heightmap data for chunk [146, -276], size does not match; expected: 43, got: 37
[21Jul2025 00:58:38.809] [Server thread/WARN] [net.minecraft.world.level.levelgen.Heightmap/]: Ignoring heightmap data for chunk [146, -276], size does not match; expected: 43, got: 37
[21Jul2025 00:58:38.811] [Server thread/WARN] [net.minecraft.world.level.levelgen.Heightmap/]: Ignoring heightmap data for chunk [130, -275], size does not match; expected: 43, got: 37
[21Jul2025 00:58:38.811] [Server thread/WARN] [net.minecraft.world.level.levelgen.Heightmap/]: Ignoring heightmap data for chunk [130, -275], size does not match; expected: 43, got: 37
[21Jul2025 00:58:38.811] [Server thread/WARN] [net.minecraft.world.level.levelgen.Heightmap/]: Ignoring heightmap data for chunk [130, -275], size does not match; expected: 43, got: 37
[21Jul2025 00:58:38.811] [Server thread/WARN] [net.minecraft.world.level.levelgen.Heightmap/]: Ignoring heightmap data for chunk [130, -275], size does not match; expected: 43, got: 37
[21Jul2025 00:58:38.813] [Server thread/WARN] [net.minecraft.world.level.levelgen.Heightmap/]: Ignoring heightmap data for chunk [131, -275], size does not match; expected: 43, got: 37
[21Jul2025 00:58:38.813] [Server thread/WARN] [net.minecraft.world.level.levelgen.Heightmap/]: Ignoring heightmap data for chunk [131, -275], size does not match; expected: 43, got: 37
[21Jul2025 00:58:38.814] [Server thread/WARN] [net.minecraft.world.level.levelgen.Heightmap/]: Ignoring heightmap data for chunk [131, -275], size does not match; expected: 43, got: 37
[21Jul2025 00:58:38.814] [Server thread/WARN] [net.minecraft.world.level.levelgen.Heightmap/]: Ignoring heightmap data for chunk [131, -275], size does not match; expected: 43, got: 37
[21Jul2025 00:58:38.815] [Server thread/WARN] [net.minecraft.world.level.levelgen.Heightmap/]: Ignoring heightmap data for chunk [132, -275], size does not match; expected: 43, got: 37
[21Jul2025 00:58:38.815] [Server thread/WARN] [net.minecraft.world.level.levelgen.Heightmap/]: Ignoring heightmap data for chunk [132, -275], size does not match; expected: 43, got: 37
[21Jul2025 00:58:38.815] [Server thread/WARN] [net.minecraft.world.level.levelgen.Heightmap/]: Ignoring heightmap data for chunk [132, -275], size does not match; expected: 43, got: 37
[21Jul2025 00:58:38.815] [Server thread/WARN] [net.minecraft.world.level.levelgen.Heightmap/]: Ignoring heightmap data for chunk [132, -275], size does not match; expected: 43, got: 37
[21Jul2025 00:58:38.817] [Server thread/WARN] [net.minecraft.world.level.levelgen.Heightmap/]: Ignoring heightmap data for chunk [133, -275], size does not match; expected: 43, got: 37
[21Jul2025 00:58:38.817] [Server thread/WARN] [net.minecraft.world.level.levelgen.Heightmap/]: Ignoring heightmap data for chunk [133, -275], size does not match; expected: 43, got: 37
[21Jul2025 00:58:38.817] [Server thread/WARN] [net.minecraft.world.level.levelgen.Heightmap/]: Ignoring heightmap data for chunk [133, -275], size does not match; expected: 43, got: 37
[21Jul2025 00:58:38.817] [Server thread/WARN] [net.minecraft.world.level.levelgen.Heightmap/]: Ignoring heightmap data for chunk [133, -275], size does not match; expected: 43, got: 37
[21Jul2025 00:58:38.818] [Server thread/WARN] [net.minecraft.world.level.levelgen.Heightmap/]: Ignoring heightmap data for chunk [134, -275], size does not match; expected: 43, got: 37
[21Jul2025 00:58:38.818] [Server thread/WARN] [net.minecraft.world.level.levelgen.Heightmap/]: Ignoring heightmap data for chunk [134, -275], size does not match; expected: 43, got: 37
[21Jul2025 00:58:38.819] [Server thread/WARN] [net.minecraft.world.level.levelgen.Heightmap/]: Ignoring heightmap data for chunk [134, -275], size does not match; expected: 43, got: 37
[21Jul2025 00:58:38.819] [Server thread/WARN] [net.minecraft.world.level.levelgen.Heightmap/]: Ignoring heightmap data for chunk [134, -275], size does not match; expected: 43, got: 37
[21Jul2025 00:58:38.820] [Server thread/WARN] [net.minecraft.world.level.levelgen.Heightmap/]: Ignoring heightmap data for chunk [135, -275], size does not match; expected: 43, got: 37
[21Jul2025 00:58:38.820] [Server thread/WARN] [net.minecraft.world.level.levelgen.Heightmap/]: Ignoring heightmap data for chunk [135, -275], size does not match; expected: 43, got: 37
[21Jul2025 00:58:38.820] [Server thread/WARN] [net.minecraft.world.level.levelgen.Heightmap/]: Ignoring heightmap data for chunk [135, -275], size does not match; expected: 43, got: 37
[21Jul2025 00:58:38.820] [Server thread/WARN] [net.minecraft.world.level.levelgen.Heightmap/]: Ignoring heightmap data for chunk [135, -275], size does not match; expected: 43, got: 37
[21Jul2025 00:58:38.821] [Server thread/WARN] [net.minecraft.world.level.levelgen.Heightmap/]: Ignoring heightmap data for chunk [136, -275], size does not match; expected: 43, got: 37
[21Jul2025 00:58:38.821] [Server thread/WARN] [net.minecraft.world.level.levelgen.Heightmap/]: Ignoring heightmap data for chunk [136, -275], size does not match; expected: 43, got: 37
[21Jul2025 00:58:38.822] [Server thread/WARN] [net.minecraft.world.level.levelgen.Heightmap/]: Ignoring heightmap data for chunk [136, -275], size does not match; expected: 43, got: 37
[21Jul2025 00:58:38.822] [Server thread/WARN] [net.minecraft.world.level.levelgen.Heightmap/]: Ignoring heightmap data for chunk [136, -275], size does not match; expected: 43, got: 37
[21Jul2025 00:58:38.823] [Server thread/WARN] [net.minecraft.world.level.levelgen.Heightmap/]: Ignoring heightmap data for chunk [137, -275], size does not match; expected: 43, got: 37
[21Jul2025 00:58:38.824] [Server thread/WARN] [net.minecraft.world.level.levelgen.Heightmap/]: Ignoring heightmap data for chunk [137, -275], size does not match; expected: 43, got: 37
[21Jul2025 00:58:38.824] [Server thread/WARN] [net.minecraft.world.level.levelgen.Heightmap/]: Ignoring heightmap data for chunk [137, -275], size does not match; expected: 43, got: 37
[21Jul2025 00:58:38.824] [Server thread/WARN] [net.minecraft.world.level.levelgen.Heightmap/]: Ignoring heightmap data for chunk [137, -275], size does not match; expected: 43, got: 37
[21Jul2025 00:58:38.825] [Server thread/WARN] [net.minecraft.world.level.levelgen.Heightmap/]: Ignoring heightmap data for chunk [138, -275], size does not match; expected: 43, got: 37
[21Jul2025 00:58:38.825] [Server thread/WARN] [net.minecraft.world.level.levelgen.Heightmap/]: Ignoring heightmap data for chunk [138, -275], size does not match; expected: 43, got: 37
[21Jul2025 00:58:38.825] [Server thread/WARN] [net.minecraft.world.level.levelgen.Heightmap/]: Ignoring heightmap data for chunk [138, -275], size does not match; expected: 43, got: 37
[21Jul2025 00:58:38.826] [Server thread/WARN] [net.minecraft.world.level.levelgen.Heightmap/]: Ignoring heightmap data for chunk [138, -275], size does not match; expected: 43, got: 37
[21Jul2025 00:58:38.827] [Server thread/WARN] [net.minecraft.world.level.levelgen.Heightmap/]: Ignoring heightmap data for chunk [139, -275], size does not match; expected: 43, got: 37
[21Jul2025 00:58:38.827] [Server thread/WARN] [net.minecraft.world.level.levelgen.Heightmap/]: Ignoring heightmap data for chunk [139, -275], size does not match; expected: 43, got: 37
[21Jul2025 00:58:38.827] [Server thread/WARN] [net.minecraft.world.level.levelgen.Heightmap/]: Ignoring heightmap data for chunk [139, -275], size does not match; expected: 43, got: 37
[21Jul2025 01:01:45.024] [Server thread/WARN] [net.minecraft.world.level.levelgen.Heightmap/]: Ignoring heightmap data for chunk [139, -275], size does not match; expected: 43, got: 37
[21Jul2025 01:01:45.024] [Server thread/WARN] [net.minecraft.server.MinecraftServer/]: Can't keep up! Is the server overloaded? Running 186282ms or 3725 ticks behind
[21Jul2025 00:59:38.743] [Server Watchdog/ERROR] [net.minecraft.server.dedicated.ServerWatchdog/FATAL]: A single server tick took 60.00 seconds (should be max 0.05)
[21Jul2025 01:01:45.025] [Server Watchdog/ERROR] [net.minecraft.server.dedicated.ServerWatchdog/FATAL]: Considering it to be crashed, server will forcibly shutdown.
[21Jul2025 01:01:45.569] [Server Watchdog/WARN] [net.minecraft.SystemReport/]: Failed retrieving info for group hardware
java.lang.NoClassDefFoundError: Could not initialize class oshi.SystemInfo
	at net.minecraft.SystemReport.m_143564_(SystemReport.java:52) ~[server-1.20.1-20230612.114412-srg.jar%23187!/:?]
	at net.minecraft.SystemReport.m_143516_(SystemReport.java:82) ~[server-1.20.1-20230612.114412-srg.jar%23187!/:?]
	at net.minecraft.SystemReport.<init>(SystemReport.java:52) ~[server-1.20.1-20230612.114412-srg.jar%23187!/:?]
	at net.minecraft.CrashReport.<init>(CrashReport.java:31) ~[server-1.20.1-20230612.114412-srg.jar%23187!/:?]
	at net.minecraft.server.dedicated.ServerWatchdog.run(ServerWatchdog.java:54) ~[server-1.20.1-20230612.114412-srg.jar%23187!/:?]
	at java.lang.Thread.run(Thread.java:840) ~[?:?]
Caused by: java.lang.ExceptionInInitializerError: Exception java.lang.NoClassDefFoundError: com/sun/jna/Platform [in thread "main"]
	at oshi.SystemInfo.<clinit>(SystemInfo.java:60) ~[oshi-core-6.2.2.jar%2369!/:6.2.2]
	at net.minecraft.SystemReport.m_143564_(SystemReport.java:52) ~[server-1.20.1-20230612.114412-srg.jar%23187!/:?]
	at net.minecraft.SystemReport.m_143516_(SystemReport.java:82) ~[server-1.20.1-20230612.114412-srg.jar%23187!/:?]
	at net.minecraft.SystemReport.<init>(SystemReport.java:52) ~[server-1.20.1-20230612.114412-srg.jar%23187!/:?]
	at net.minecraft.CrashReport.<init>(CrashReport.java:31) ~[server-1.20.1-20230612.114412-srg.jar%23187!/:?]
	at net.minecraft.CrashReport.m_127529_(CrashReport.java:216) ~[server-1.20.1-20230612.114412-srg.jar%23187!/:?]
	at net.minecraft.server.Main.main(Main.java:116) ~[server-1.20.1-20230612.114412-srg.jar%23187!/:?]
	at jdk.internal.reflect.NativeMethodAccessorImpl.invoke0(Native Method) ~[?:?]
	at jdk.internal.reflect.NativeMethodAccessorImpl.invoke(NativeMethodAccessorImpl.java:77) ~[?:?]
	at jdk.internal.reflect.DelegatingMethodAccessorImpl.invoke(DelegatingMethodAccessorImpl.java:43) ~[?:?]
	at java.lang.reflect.Method.invoke(Method.java:569) ~[?:?]
	at net.minecraftforge.fml.loading.targets.CommonLaunchHandler.runTarget(CommonLaunchHandler.java:111) ~[fmlloader-1.20.1-47.3.7.jar%2367!/:?]
	at net.minecraftforge.fml.loading.targets.CommonLaunchHandler.serverService(CommonLaunchHandler.java:103) ~[fmlloader-1.20.1-47.3.7.jar%2367!/:?]
	at net.minecraftforge.fml.loading.targets.CommonServerLaunchHandler.lambda$makeService$0(CommonServerLaunchHandler.java:27) ~[fmlloader-1.20.1-47.3.7.jar%2367!/:?]
	at cpw.mods.modlauncher.LaunchServiceHandlerDecorator.launch(LaunchServiceHandlerDecorator.java:30) ~[modlauncher-10.0.9.jar%2353!/:?]
	at cpw.mods.modlauncher.LaunchServiceHandler.launch(LaunchServiceHandler.java:53) ~[modlauncher-10.0.9.jar%2353!/:?]
	at cpw.mods.modlauncher.LaunchServiceHandler.launch(LaunchServiceHandler.java:71) ~[modlauncher-10.0.9.jar%2353!/:?]
	at cpw.mods.modlauncher.Launcher.run(Launcher.java:108) ~[modlauncher-10.0.9.jar%2353!/:?]
	at cpw.mods.modlauncher.Launcher.main(Launcher.java:78) ~[modlauncher-10.0.9.jar%2353!/:?]
	at cpw.mods.modlauncher.BootstrapLaunchConsumer.accept(BootstrapLaunchConsumer.java:26) ~[modlauncher-10.0.9.jar%2353!/:?]
	at cpw.mods.modlauncher.BootstrapLaunchConsumer.accept(BootstrapLaunchConsumer.java:23) ~[modlauncher-10.0.9.jar%2353!/:?]
	at cpw.mods.bootstraplauncher.BootstrapLauncher.main(BootstrapLauncher.java:141) ~[bootstraplauncher-1.1.2.jar:?]
[21Jul2025 01:01:45.577] [Server thread/INFO] [net.minecraft.server.network.ServerGamePacketListenerImpl/]: Color_duty lost connection: Disconnected
[21Jul2025 01:01:45.577] [Server thread/INFO] [net.minecraft.server.MinecraftServer/]: Color_duty left the game
[21Jul2025 01:01:45.583] [Server thread/INFO] [me.edoren.skin_changer.server.SkinProviderController/]: Removing session data for player Color_duty[65283ae9-2d8c-306b-ace2-be67c141c444]
[21Jul2025 01:01:45.601] [Server thread/INFO] [net.minecraft.server.network.ServerLoginPacketListenerImpl/]: com.mojang.authlib.GameProfile@5952a644[id=<null>,name=Color_duty,properties={},legacy=false] (/100.116.43.53:54210) lost connection: Disconnected
[21Jul2025 01:01:45.602] [Server thread/INFO] [net.minecraft.server.network.ServerLoginPacketListenerImpl/]: com.mojang.authlib.GameProfile@1960b401[id=<null>,name=Color_duty,properties={},legacy=false] (/100.116.43.53:54216) lost connection: Disconnected
[21Jul2025 01:01:45.632] [Server thread/WARN] [net.minecraft.world.level.levelgen.Heightmap/]: Ignoring heightmap data for chunk [140, -275], size does not match; expected: 43, got: 37
[21Jul2025 01:01:45.633] [Server thread/WARN] [net.minecraft.world.level.levelgen.Heightmap/]: Ignoring heightmap data for chunk [140, -275], size does not match; expected: 43, got: 37
[21Jul2025 01:01:45.633] [Server thread/WARN] [net.minecraft.world.level.levelgen.Heightmap/]: Ignoring heightmap data for chunk [140, -275], size does not match; expected: 43, got: 37
[21Jul2025 01:01:45.633] [Server thread/WARN] [net.minecraft.world.level.levelgen.Heightmap/]: Ignoring heightmap data for chunk [140, -275], size does not match; expected: 43, got: 37
[21Jul2025 01:01:45.635] [Server thread/WARN] [net.minecraft.world.level.levelgen.Heightmap/]: Ignoring heightmap data for chunk [141, -275], size does not match; expected: 43, got: 37
[21Jul2025 01:01:45.635] [Server thread/WARN] [net.minecraft.world.level.levelgen.Heightmap/]: Ignoring heightmap data for chunk [141, -275], size does not match; expected: 43, got: 37
[21Jul2025 01:01:45.636] [Server thread/WARN] [net.minecraft.world.level.levelgen.Heightmap/]: Ignoring heightmap data for chunk [141, -275], size does not match; expected: 43, got: 37
[21Jul2025 01:01:45.637] [Server thread/WARN] [net.minecraft.world.level.levelgen.Heightmap/]: Ignoring heightmap data for chunk [141, -275], size does not match; expected: 43, got: 37
[21Jul2025 01:01:45.640] [Server thread/WARN] [net.minecraft.world.level.levelgen.Heightmap/]: Ignoring heightmap data for chunk [143, -275], size does not match; expected: 43, got: 37
[21Jul2025 01:01:45.641] [Server thread/WARN] [net.minecraft.world.level.levelgen.Heightmap/]: Ignoring heightmap data for chunk [143, -275], size does not match; expected: 43, got: 37
[21Jul2025 01:01:45.641] [Server thread/WARN] [net.minecraft.world.level.levelgen.Heightmap/]: Ignoring heightmap data for chunk [143, -275], size does not match; expected: 43, got: 37
[21Jul2025 01:01:45.641] [Server thread/WARN] [net.minecraft.world.level.levelgen.Heightmap/]: Ignoring heightmap data for chunk [143, -275], size does not match; expected: 43, got: 37
[21Jul2025 01:01:45.644] [Server thread/WARN] [net.minecraft.world.level.levelgen.Heightmap/]: Ignoring heightmap data for chunk [142, -275], size does not match; expected: 43, got: 37
[21Jul2025 01:01:45.645] [Server thread/WARN] [net.minecraft.world.level.levelgen.Heightmap/]: Ignoring heightmap data for chunk [142, -275], size does not match; expected: 43, got: 37
[21Jul2025 01:01:45.645] [Server thread/WARN] [net.minecraft.world.level.levelgen.Heightmap/]: Ignoring heightmap data for chunk [142, -275], size does not match; expected: 43, got: 37
[21Jul2025 01:01:45.646] [Server thread/WARN] [net.minecraft.world.level.levelgen.Heightmap/]: Ignoring heightmap data for chunk [142, -275], size does not match; expected: 43, got: 37
[21Jul2025 01:01:45.649] [Server thread/WARN] [net.minecraft.world.level.levelgen.Heightmap/]: Ignoring heightmap data for chunk [144, -275], size does not match; expected: 43, got: 37
[21Jul2025 01:01:45.650] [Server thread/WARN] [net.minecraft.world.level.levelgen.Heightmap/]: Ignoring heightmap data for chunk [144, -275], size does not match; expected: 43, got: 37
[21Jul2025 01:01:45.650] [Server thread/WARN] [net.minecraft.world.level.levelgen.Heightmap/]: Ignoring heightmap data for chunk [144, -275], size does not match; expected: 43, got: 37
[21Jul2025 01:01:45.652] [Server thread/WARN] [net.minecraft.world.level.levelgen.Heightmap/]: Ignoring heightmap data for chunk [144, -275], size does not match; expected: 43, got: 37
[21Jul2025 01:01:45.652] [Server thread/WARN] [net.minecraft.world.level.levelgen.Heightmap/]: Ignoring heightmap data for chunk [145, -275], size does not match; expected: 43, got: 37
[21Jul2025 01:01:45.652] [Server thread/WARN] [net.minecraft.world.level.levelgen.Heightmap/]: Ignoring heightmap data for chunk [145, -275], size does not match; expected: 43, got: 37
[21Jul2025 01:01:45.653] [Server thread/WARN] [net.minecraft.world.level.levelgen.Heightmap/]: Ignoring heightmap data for chunk [145, -275], size does not match; expected: 43, got: 37
[21Jul2025 01:01:45.653] [Server thread/WARN] [net.minecraft.world.level.levelgen.Heightmap/]: Ignoring heightmap data for chunk [145, -275], size does not match; expected: 43, got: 37
[21Jul2025 01:01:45.657] [Server thread/WARN] [net.minecraft.world.level.levelgen.Heightmap/]: Ignoring heightmap data for chunk [146, -275], size does not match; expected: 43, got: 37
[21Jul2025 01:01:45.657] [Server thread/WARN] [net.minecraft.world.level.levelgen.Heightmap/]: Ignoring heightmap data for chunk [146, -275], size does not match; expected: 43, got: 37
[21Jul2025 01:01:45.658] [Server thread/WARN] [net.minecraft.world.level.levelgen.Heightmap/]: Ignoring heightmap data for chunk [146, -275], size does not match; expected: 43, got: 37
[21Jul2025 01:01:45.658] [Server thread/WARN] [net.minecraft.world.level.levelgen.Heightmap/]: Ignoring heightmap data for chunk [146, -275], size does not match; expected: 43, got: 37
[21Jul2025 01:01:45.663] [Server Watchdog/FATAL] [net.minecraftforge.common.ForgeMod/]: Preparing crash report with UUID 9d43c1cf-2430-49a5-b03d-8463dafe7610
[21Jul2025 01:01:45.674] [Server thread/WARN] [net.minecraft.world.level.levelgen.Heightmap/]: Ignoring heightmap data for chunk [130, -274], size does not match; expected: 43, got: 37
[21Jul2025 01:01:45.675] [Server thread/WARN] [net.minecraft.world.level.levelgen.Heightmap/]: Ignoring heightmap data for chunk [130, -274], size does not match; expected: 43, got: 37
[21Jul2025 01:01:45.675] [Server thread/WARN] [net.minecraft.world.level.levelgen.Heightmap/]: Ignoring heightmap data for chunk [130, -274], size does not match; expected: 43, got: 37
[21Jul2025 01:01:45.675] [Server thread/WARN] [net.minecraft.world.level.levelgen.Heightmap/]: Ignoring heightmap data for chunk [130, -274], size does not match; expected: 43, got: 37
[21Jul2025 01:01:45.679] [Server thread/WARN] [net.minecraft.world.level.levelgen.Heightmap/]: Ignoring heightmap data for chunk [131, -274], size does not match; expected: 43, got: 37
[21Jul2025 01:01:45.680] [Server thread/WARN] [net.minecraft.world.level.levelgen.Heightmap/]: Ignoring heightmap data for chunk [131, -274], size does not match; expected: 43, got: 37
[21Jul2025 01:01:45.681] [Server thread/WARN] [net.minecraft.world.level.levelgen.Heightmap/]: Ignoring heightmap data for chunk [131, -274], size does not match; expected: 43, got: 37
[21Jul2025 01:01:45.682] [Server thread/WARN] [net.minecraft.world.level.levelgen.Heightmap/]: Ignoring heightmap data for chunk [131, -274], size does not match; expected: 43, got: 37
[21Jul2025 01:01:45.683] [Server Watchdog/FATAL] [net.minecraftforge.common.ForgeMod/]: Preparing crash report with UUID c336b469-da0c-4038-8a9b-1c7385bc10ca
[21Jul2025 01:01:45.686] [Server Watchdog/ERROR] [net.minecraft.server.dedicated.ServerWatchdog/]: This crash report has been saved to: /workspaces/ropopo/servidor_minecraft/./crash-reports/crash-2025-07-21_01.01.45-server.txt
[21Jul2025 01:01:45.685] [Server thread/WARN] [net.minecraft.world.level.levelgen.Heightmap/]: Ignoring heightmap data for chunk [132, -274], size does not match; expected: 43, got: 37
[21Jul2025 01:01:45.688] [Server thread/WARN] [net.minecraft.world.level.levelgen.Heightmap/]: Ignoring heightmap data for chunk [132, -274], size does not match; expected: 43, got: 37
[21Jul2025 01:01:45.689] [Server thread/WARN] [net.minecraft.world.level.levelgen.Heightmap/]: Ignoring heightmap data for chunk [132, -274], size does not match; expected: 43, got: 37
[21Jul2025 01:01:45.690] [Server thread/WARN] [net.minecraft.world.level.levelgen.Heightmap/]: Ignoring heightmap data for chunk [132, -274], size does not match; expected: 43, got: 37
[21Jul2025 01:01:45.693] [Server thread/WARN] [net.minecraft.world.level.levelgen.Heightmap/]: Ignoring heightmap data for chunk [133, -274], size does not match; expected: 43, got: 37
[21Jul2025 01:01:45.694] [Server thread/WARN] [net.minecraft.world.level.levelgen.Heightmap/]: Ignoring heightmap data for chunk [133, -274], size does not match; expected: 43, got: 37
[21Jul2025 01:01:45.694] [Server thread/WARN] [net.minecraft.world.level.levelgen.Heightmap/]: Ignoring heightmap data for chunk [133, -274], size does not match; expected: 43, got: 37
[21Jul2025 01:01:45.695] [Server thread/WARN] [net.minecraft.world.level.levelgen.Heightmap/]: Ignoring heightmap data for chunk [133, -274], size does not match; expected: 43, got: 37
[21Jul2025 01:01:45.697] [Server thread/WARN] [net.minecraft.world.level.levelgen.Heightmap/]: Ignoring heightmap data for chunk [134, -274], size does not match; expected: 43, got: 37
[21Jul2025 01:01:45.697] [Server thread/WARN] [net.minecraft.world.level.levelgen.Heightmap/]: Ignoring heightmap data for chunk [134, -274], size does not match; expected: 43, got: 37
[21Jul2025 01:01:45.698] [Server thread/WARN] [net.minecraft.world.level.levelgen.Heightmap/]: Ignoring heightmap data for chunk [134, -274], size does not match; expected: 43, got: 37
[21Jul2025 01:01:45.698] [Server thread/WARN] [net.minecraft.world.level.levelgen.Heightmap/]: Ignoring heightmap data for chunk [134, -274], size does not match; expected: 43, got: 37
[21Jul2025 01:01:45.700] [Server thread/WARN] [net.minecraft.world.level.levelgen.Heightmap/]: Ignoring heightmap data for chunk [135, -274], size does not match; expected: 43, got: 37
[21Jul2025 01:01:45.701] [Server thread/WARN] [net.minecraft.world.level.levelgen.Heightmap/]: Ignoring heightmap data for chunk [135, -274], size does not match; expected: 43, got: 37
[21Jul2025 01:01:45.703] [Server thread/WARN] [net.minecraft.world.level.levelgen.Heightmap/]: Ignoring heightmap data for chunk [135, -274], size does not match; expected: 43, got: 37
[21Jul2025 01:01:45.703] [Server thread/WARN] [net.minecraft.world.level.levelgen.Heightmap/]: Ignoring heightmap data for chunk [135, -274], size does not match; expected: 43, got: 37
[21Jul2025 01:01:45.706] [Server thread/WARN] [net.minecraft.world.level.levelgen.Heightmap/]: Ignoring heightmap data for chunk [136, -274], size does not match; expected: 43, got: 37
[21Jul2025 01:01:45.706] [Server thread/WARN] [net.minecraft.world.level.levelgen.Heightmap/]: Ignoring heightmap data for chunk [136, -274], size does not match; expected: 43, got: 37
[21Jul2025 01:01:45.708] [Server thread/WARN] [net.minecraft.world.level.levelgen.Heightmap/]: Ignoring heightmap data for chunk [136, -274], size does not match; expected: 43, got: 37
[21Jul2025 01:01:45.709] [Server thread/WARN] [net.minecraft.world.level.levelgen.Heightmap/]: Ignoring heightmap data for chunk [136, -274], size does not match; expected: 43, got: 37
[21Jul2025 01:01:45.710] [Server thread/WARN] [net.minecraft.world.level.levelgen.Heightmap/]: Ignoring heightmap data for chunk [137, -274], size does not match; expected: 43, got: 37
[21Jul2025 01:01:45.711] [Server thread/WARN] [net.minecraft.world.level.levelgen.Heightmap/]: Ignoring heightmap data for chunk [137, -274], size does not match; expected: 43, got: 37
[21Jul2025 01:01:45.712] [Server thread/WARN] [net.minecraft.world.level.levelgen.Heightmap/]: Ignoring heightmap data for chunk [137, -274], size does not match; expected: 43, got: 37
[21Jul2025 01:01:45.712] [Server thread/WARN] [net.minecraft.world.level.levelgen.Heightmap/]: Ignoring heightmap data for chunk [137, -274], size does not match; expected: 43, got: 37
[21Jul2025 01:01:45.714] [Server thread/WARN] [net.minecraft.world.level.levelgen.Heightmap/]: Ignoring heightmap data for chunk [138, -274], size does not match; expected: 43, got: 37
[21Jul2025 01:01:45.715] [Server thread/WARN] [net.minecraft.world.level.levelgen.Heightmap/]: Ignoring heightmap data for chunk [138, -274], size does not match; expected: 43, got: 37
[21Jul2025 01:01:45.715] [Server thread/WARN] [net.minecraft.world.level.levelgen.Heightmap/]: Ignoring heightmap data for chunk [138, -274], size does not match; expected: 43, got: 37
[21Jul2025 01:01:45.716] [Server thread/WARN] [net.minecraft.world.level.levelgen.Heightmap/]: Ignoring heightmap data for chunk [138, -274], size does not match; expected: 43, got: 37
[21Jul2025 01:01:45.718] [Server thread/WARN] [net.minecraft.world.level.levelgen.Heightmap/]: Ignoring heightmap data for chunk [139, -274], size does not match; expected: 43, got: 37
[21Jul2025 01:01:45.718] [Server thread/WARN] [net.minecraft.world.level.levelgen.Heightmap/]: Ignoring heightmap data for chunk [139, -274], size does not match; expected: 43, got: 37
[21Jul2025 01:01:45.719] [Server thread/WARN] [net.minecraft.world.level.levelgen.Heightmap/]: Ignoring heightmap data for chunk [139, -274], size does not match; expected: 43, got: 37
[21Jul2025 01:01:45.720] [Server thread/WARN] [net.minecraft.world.level.levelgen.Heightmap/]: Ignoring heightmap data for chunk [139, -274], size does not match; expected: 43, got: 37
[21Jul2025 01:01:45.726] [Server thread/INFO] [net.minecraft.server.MinecraftServer/]: Stopping server
[21Jul2025 01:01:45.734] [Server thread/INFO] [net.minecraft.server.MinecraftServer/]: Saving players
[21Jul2025 01:01:45.734] [Server thread/INFO] [net.minecraft.server.MinecraftServer/]: Saving worlds
[21Jul2025 01:01:46.211] [Server thread/WARN] [net.minecraft.world.level.levelgen.Heightmap/]: Ignoring heightmap data for chunk [140, -274], size does not match; expected: 43, got: 37
[21Jul2025 01:01:46.211] [Server thread/WARN] [net.minecraft.world.level.levelgen.Heightmap/]: Ignoring heightmap data for chunk [140, -274], size does not match; expected: 43, got: 37
[21Jul2025 01:01:46.212] [Server thread/WARN] [net.minecraft.world.level.levelgen.Heightmap/]: Ignoring heightmap data for chunk [140, -274], size does not match; expected: 43, got: 37
[21Jul2025 01:01:46.212] [Server thread/WARN] [net.minecraft.world.level.levelgen.Heightmap/]: Ignoring heightmap data for chunk [140, -274], size does not match; expected: 43, got: 37
[21Jul2025 01:01:46.213] [Server thread/WARN] [net.minecraft.world.level.levelgen.Heightmap/]: Ignoring heightmap data for chunk [141, -274], size does not match; expected: 43, got: 37
[21Jul2025 01:01:46.213] [Server thread/WARN] [net.minecraft.world.level.levelgen.Heightmap/]: Ignoring heightmap data for chunk [141, -274], size does not match; expected: 43, got: 37
[21Jul2025 01:01:46.214] [Server thread/WARN] [net.minecraft.world.level.levelgen.Heightmap/]: Ignoring heightmap data for chunk [141, -274], size does not match; expected: 43, got: 37
[21Jul2025 01:01:46.214] [Server thread/WARN] [net.minecraft.world.level.levelgen.Heightmap/]: Ignoring heightmap data for chunk [141, -274], size does not match; expected: 43, got: 37
[21Jul2025 01:01:46.217] [Server thread/WARN] [net.minecraft.world.level.levelgen.Heightmap/]: Ignoring heightmap data for chunk [142, -274], size does not match; expected: 43, got: 37
[21Jul2025 01:01:46.217] [Server thread/WARN] [net.minecraft.world.level.levelgen.Heightmap/]: Ignoring heightmap data for chunk [142, -274], size does not match; expected: 43, got: 37
[21Jul2025 01:01:46.217] [Server thread/WARN] [net.minecraft.world.level.levelgen.Heightmap/]: Ignoring heightmap data for chunk [142, -274], size does not match; expected: 43, got: 37
[21Jul2025 01:01:46.217] [Server thread/WARN] [net.minecraft.world.level.levelgen.Heightmap/]: Ignoring heightmap data for chunk [142, -274], size does not match; expected: 43, got: 37
[21Jul2025 01:01:46.218] [Server thread/WARN] [net.minecraft.world.level.levelgen.Heightmap/]: Ignoring heightmap data for chunk [144, -274], size does not match; expected: 43, got: 37
[21Jul2025 01:01:46.219] [Server thread/WARN] [net.minecraft.world.level.levelgen.Heightmap/]: Ignoring heightmap data for chunk [144, -274], size does not match; expected: 43, got: 37
[21Jul2025 01:01:46.219] [Server thread/WARN] [net.minecraft.world.level.levelgen.Heightmap/]: Ignoring heightmap data for chunk [144, -274], size does not match; expected: 43, got: 37
[21Jul2025 01:01:46.219] [Server thread/WARN] [net.minecraft.world.level.levelgen.Heightmap/]: Ignoring heightmap data for chunk [144, -274], size does not match; expected: 43, got: 37
[21Jul2025 01:01:46.220] [Server thread/WARN] [net.minecraft.world.level.levelgen.Heightmap/]: Ignoring heightmap data for chunk [143, -274], size does not match; expected: 43, got: 37
[21Jul2025 01:01:46.220] [Server thread/WARN] [net.minecraft.world.level.levelgen.Heightmap/]: Ignoring heightmap data for chunk [143, -274], size does not match; expected: 43, got: 37
[21Jul2025 01:01:46.220] [Server thread/WARN] [net.minecraft.world.level.levelgen.Heightmap/]: Ignoring heightmap data for chunk [143, -274], size does not match; expected: 43, got: 37
[21Jul2025 01:01:46.220] [Server thread/WARN] [net.minecraft.world.level.levelgen.Heightmap/]: Ignoring heightmap data for chunk [143, -274], size does not match; expected: 43, got: 37
[21Jul2025 01:01:46.222] [Server thread/WARN] [net.minecraft.world.level.levelgen.Heightmap/]: Ignoring heightmap data for chunk [145, -274], size does not match; expected: 43, got: 37
[21Jul2025 01:01:46.222] [Server thread/WARN] [net.minecraft.world.level.levelgen.Heightmap/]: Ignoring heightmap data for chunk [145, -274], size does not match; expected: 43, got: 37
[21Jul2025 01:01:46.222] [Server thread/WARN] [net.minecraft.world.level.levelgen.Heightmap/]: Ignoring heightmap data for chunk [145, -274], size does not match; expected: 43, got: 37
[21Jul2025 01:01:46.222] [Server thread/WARN] [net.minecraft.world.level.levelgen.Heightmap/]: Ignoring heightmap data for chunk [145, -274], size does not match; expected: 43, got: 37
[21Jul2025 01:01:46.223] [Server thread/WARN] [net.minecraft.world.level.levelgen.Heightmap/]: Ignoring heightmap data for chunk [146, -274], size does not match; expected: 43, got: 37
[21Jul2025 01:01:46.223] [Server thread/WARN] [net.minecraft.world.level.levelgen.Heightmap/]: Ignoring heightmap data for chunk [146, -274], size does not match; expected: 43, got: 37
[21Jul2025 01:01:46.223] [Server thread/WARN] [net.minecraft.world.level.levelgen.Heightmap/]: Ignoring heightmap data for chunk [146, -274], size does not match; expected: 43, got: 37
[21Jul2025 01:01:46.224] [Server thread/WARN] [net.minecraft.world.level.levelgen.Heightmap/]: Ignoring heightmap data for chunk [146, -274], size does not match; expected: 43, got: 37
[21Jul2025 01:01:46.231] [Server thread/WARN] [net.minecraft.world.level.levelgen.Heightmap/]: Ignoring heightmap data for chunk [131, -273], size does not match; expected: 43, got: 37
[21Jul2025 01:01:46.231] [Server thread/WARN] [net.minecraft.world.level.levelgen.Heightmap/]: Ignoring heightmap data for chunk [131, -273], size does not match; expected: 43, got: 37
[21Jul2025 01:01:46.231] [Server thread/WARN] [net.minecraft.world.level.levelgen.Heightmap/]: Ignoring heightmap data for chunk [131, -273], size does not match; expected: 43, got: 37
[21Jul2025 01:01:46.232] [Server thread/WARN] [net.minecraft.world.level.levelgen.Heightmap/]: Ignoring heightmap data for chunk [131, -273], size does not match; expected: 43, got: 37
[21Jul2025 01:01:46.233] [Server thread/WARN] [net.minecraft.world.level.levelgen.Heightmap/]: Ignoring heightmap data for chunk [132, -273], size does not match; expected: 43, got: 37
[21Jul2025 01:01:46.234] [Server thread/WARN] [net.minecraft.world.level.levelgen.Heightmap/]: Ignoring heightmap data for chunk [132, -273], size does not match; expected: 43, got: 37
[21Jul2025 01:01:46.234] [Server thread/WARN] [net.minecraft.world.level.levelgen.Heightmap/]: Ignoring heightmap data for chunk [132, -273], size does not match; expected: 43, got: 37
[21Jul2025 01:01:46.234] [Server thread/WARN] [net.minecraft.world.level.levelgen.Heightmap/]: Ignoring heightmap data for chunk [132, -273], size does not match; expected: 43, got: 37
[21Jul2025 01:01:46.237] [Server thread/WARN] [net.minecraft.world.level.levelgen.Heightmap/]: Ignoring heightmap data for chunk [133, -273], size does not match; expected: 43, got: 37
[21Jul2025 01:01:46.237] [Server thread/WARN] [net.minecraft.world.level.levelgen.Heightmap/]: Ignoring heightmap data for chunk [133, -273], size does not match; expected: 43, got: 37
[21Jul2025 01:01:46.238] [Server thread/WARN] [net.minecraft.world.level.levelgen.Heightmap/]: Ignoring heightmap data for chunk [133, -273], size does not match; expected: 43, got: 37
[21Jul2025 01:01:46.238] [Server thread/WARN] [net.minecraft.world.level.levelgen.Heightmap/]: Ignoring heightmap data for chunk [133, -273], size does not match; expected: 43, got: 37
[21Jul2025 01:01:46.240] [Server thread/WARN] [net.minecraft.world.level.levelgen.Heightmap/]: Ignoring heightmap data for chunk [134, -273], size does not match; expected: 43, got: 37
[21Jul2025 01:01:46.241] [Server thread/WARN] [net.minecraft.world.level.levelgen.Heightmap/]: Ignoring heightmap data for chunk [134, -273], size does not match; expected: 43, got: 37
[21Jul2025 01:01:46.241] [Server thread/WARN] [net.minecraft.world.level.levelgen.Heightmap/]: Ignoring heightmap data for chunk [134, -273], size does not match; expected: 43, got: 37
[21Jul2025 01:01:46.241] [Server thread/WARN] [net.minecraft.world.level.levelgen.Heightmap/]: Ignoring heightmap data for chunk [134, -273], size does not match; expected: 43, got: 37
[21Jul2025 01:01:46.243] [Server thread/WARN] [net.minecraft.world.level.levelgen.Heightmap/]: Ignoring heightmap data for chunk [135, -273], size does not match; expected: 43, got: 37
[21Jul2025 01:01:46.249] [Server thread/WARN] [net.minecraft.world.level.levelgen.Heightmap/]: Ignoring heightmap data for chunk [135, -273], size does not match; expected: 43, got: 37
[21Jul2025 01:01:46.249] [Server thread/WARN] [net.minecraft.world.level.levelgen.Heightmap/]: Ignoring heightmap data for chunk [135, -273], size does not match; expected: 43, got: 37
[21Jul2025 01:01:46.250] [Server thread/WARN] [net.minecraft.world.level.levelgen.Heightmap/]: Ignoring heightmap data for chunk [135, -273], size does not match; expected: 43, got: 37
[21Jul2025 01:01:46.254] [Server thread/WARN] [net.minecraft.world.level.levelgen.Heightmap/]: Ignoring heightmap data for chunk [136, -273], size does not match; expected: 43, got: 37
[21Jul2025 01:01:46.255] [Server thread/WARN] [net.minecraft.world.level.levelgen.Heightmap/]: Ignoring heightmap data for chunk [136, -273], size does not match; expected: 43, got: 37
[21Jul2025 01:01:46.255] [Server thread/WARN] [net.minecraft.world.level.levelgen.Heightmap/]: Ignoring heightmap data for chunk [136, -273], size does not match; expected: 43, got: 37
[21Jul2025 01:01:46.256] [Server thread/WARN] [net.minecraft.world.level.levelgen.Heightmap/]: Ignoring heightmap data for chunk [136, -273], size does not match; expected: 43, got: 37
[21Jul2025 01:01:46.257] [Server thread/WARN] [net.minecraft.world.level.levelgen.Heightmap/]: Ignoring heightmap data for chunk [137, -273], size does not match; expected: 43, got: 37
[21Jul2025 01:01:46.258] [Server thread/WARN] [net.minecraft.world.level.levelgen.Heightmap/]: Ignoring heightmap data for chunk [137, -273], size does not match; expected: 43, got: 37
[21Jul2025 01:01:46.258] [Server thread/WARN] [net.minecraft.world.level.levelgen.Heightmap/]: Ignoring heightmap data for chunk [137, -273], size does not match; expected: 43, got: 37
[21Jul2025 01:01:46.261] [Server thread/WARN] [net.minecraft.world.level.levelgen.Heightmap/]: Ignoring heightmap data for chunk [137, -273], size does not match; expected: 43, got: 37
[21Jul2025 01:01:46.262] [Server thread/WARN] [net.minecraft.world.level.levelgen.Heightmap/]: Ignoring heightmap data for chunk [139, -273], size does not match; expected: 43, got: 37
[21Jul2025 01:01:46.263] [Server thread/WARN] [net.minecraft.world.level.levelgen.Heightmap/]: Ignoring heightmap data for chunk [139, -273], size does not match; expected: 43, got: 37
[21Jul2025 01:01:46.263] [Server thread/WARN] [net.minecraft.world.level.levelgen.Heightmap/]: Ignoring heightmap data for chunk [139, -273], size does not match; expected: 43, got: 37
[21Jul2025 01:01:46.263] [Server thread/WARN] [net.minecraft.world.level.levelgen.Heightmap/]: Ignoring heightmap data for chunk [139, -273], size does not match; expected: 43, got: 37
[21Jul2025 01:01:46.265] [Server thread/WARN] [net.minecraft.world.level.levelgen.Heightmap/]: Ignoring heightmap data for chunk [138, -273], size does not match; expected: 43, got: 37
[21Jul2025 01:01:46.268] [Server thread/WARN] [net.minecraft.world.level.levelgen.Heightmap/]: Ignoring heightmap data for chunk [138, -273], size does not match; expected: 43, got: 37
[21Jul2025 01:01:46.269] [Server thread/WARN] [net.minecraft.world.level.levelgen.Heightmap/]: Ignoring heightmap data for chunk [138, -273], size does not match; expected: 43, got: 37
[21Jul2025 01:01:46.269] [Server thread/WARN] [net.minecraft.world.level.levelgen.Heightmap/]: Ignoring heightmap data for chunk [138, -273], size does not match; expected: 43, got: 37
[21Jul2025 01:01:46.272] [Server thread/WARN] [net.minecraft.world.level.levelgen.Heightmap/]: Ignoring heightmap data for chunk [140, -273], size does not match; expected: 43, got: 37
[21Jul2025 01:01:46.272] [Server thread/WARN] [net.minecraft.world.level.levelgen.Heightmap/]: Ignoring heightmap data for chunk [140, -273], size does not match; expected: 43, got: 37
[21Jul2025 01:01:46.273] [Server thread/WARN] [net.minecraft.world.level.levelgen.Heightmap/]: Ignoring heightmap data for chunk [140, -273], size does not match; expected: 43, got: 37
[21Jul2025 01:01:46.273] [Server thread/WARN] [net.minecraft.world.level.levelgen.Heightmap/]: Ignoring heightmap data for chunk [140, -273], size does not match; expected: 43, got: 37
[21Jul2025 01:01:46.276] [Server thread/WARN] [net.minecraft.world.level.levelgen.Heightmap/]: Ignoring heightmap data for chunk [141, -273], size does not match; expected: 43, got: 37
[21Jul2025 01:01:46.276] [Server thread/WARN] [net.minecraft.world.level.levelgen.Heightmap/]: Ignoring heightmap data for chunk [141, -273], size does not match; expected: 43, got: 37
[21Jul2025 01:01:46.277] [Server thread/WARN] [net.minecraft.world.level.levelgen.Heightmap/]: Ignoring heightmap data for chunk [141, -273], size does not match; expected: 43, got: 37
[21Jul2025 01:01:46.278] [Server thread/WARN] [net.minecraft.world.level.levelgen.Heightmap/]: Ignoring heightmap data for chunk [141, -273], size does not match; expected: 43, got: 37
[21Jul2025 01:01:46.282] [Server thread/WARN] [net.minecraft.world.level.levelgen.Heightmap/]: Ignoring heightmap data for chunk [142, -273], size does not match; expected: 43, got: 37
[21Jul2025 01:01:46.282] [Server thread/WARN] [net.minecraft.world.level.levelgen.Heightmap/]: Ignoring heightmap data for chunk [142, -273], size does not match; expected: 43, got: 37
[21Jul2025 01:01:46.283] [Server thread/WARN] [net.minecraft.world.level.levelgen.Heightmap/]: Ignoring heightmap data for chunk [142, -273], size does not match; expected: 43, got: 37
[21Jul2025 01:01:46.284] [Server thread/WARN] [net.minecraft.world.level.levelgen.Heightmap/]: Ignoring heightmap data for chunk [142, -273], size does not match; expected: 43, got: 37
[21Jul2025 01:01:46.287] [Server thread/WARN] [net.minecraft.world.level.levelgen.Heightmap/]: Ignoring heightmap data for chunk [143, -273], size does not match; expected: 43, got: 37
[21Jul2025 01:01:46.288] [Server thread/WARN] [net.minecraft.world.level.levelgen.Heightmap/]: Ignoring heightmap data for chunk [143, -273], size does not match; expected: 43, got: 37
[21Jul2025 01:01:46.288] [Server thread/WARN] [net.minecraft.world.level.levelgen.Heightmap/]: Ignoring heightmap data for chunk [143, -273], size does not match; expected: 43, got: 37
[21Jul2025 01:01:46.290] [Server thread/WARN] [net.minecraft.world.level.levelgen.Heightmap/]: Ignoring heightmap data for chunk [143, -273], size does not match; expected: 43, got: 37
[21Jul2025 01:01:46.295] [Server thread/WARN] [net.minecraft.world.level.levelgen.Heightmap/]: Ignoring heightmap data for chunk [144, -273], size does not match; expected: 43, got: 37
[21Jul2025 01:01:46.295] [Server thread/WARN] [net.minecraft.world.level.levelgen.Heightmap/]: Ignoring heightmap data for chunk [144, -273], size does not match; expected: 43, got: 37
[21Jul2025 01:01:46.295] [Server thread/WARN] [net.minecraft.world.level.levelgen.Heightmap/]: Ignoring heightmap data for chunk [144, -273], size does not match; expected: 43, got: 37
[21Jul2025 01:01:46.295] [Server thread/WARN] [net.minecraft.world.level.levelgen.Heightmap/]: Ignoring heightmap data for chunk [144, -273], size does not match; expected: 43, got: 37
[21Jul2025 01:01:46.297] [Server thread/WARN] [net.minecraft.world.level.levelgen.Heightmap/]: Ignoring heightmap data for chunk [145, -273], size does not match; expected: 43, got: 37
[21Jul2025 01:01:46.297] [Server thread/WARN] [net.minecraft.world.level.levelgen.Heightmap/]: Ignoring heightmap data for chunk [145, -273], size does not match; expected: 43, got: 37
[21Jul2025 01:01:46.297] [Server thread/WARN] [net.minecraft.world.level.levelgen.Heightmap/]: Ignoring heightmap data for chunk [145, -273], size does not match; expected: 43, got: 37
[21Jul2025 01:01:46.297] [Server thread/WARN] [net.minecraft.world.level.levelgen.Heightmap/]: Ignoring heightmap data for chunk [145, -273], size does not match; expected: 43, got: 37
[21Jul2025 01:01:46.299] [Server thread/WARN] [net.minecraft.world.level.levelgen.Heightmap/]: Ignoring heightmap data for chunk [146, -273], size does not match; expected: 43, got: 37
[21Jul2025 01:01:46.299] [Server thread/WARN] [net.minecraft.world.level.levelgen.Heightmap/]: Ignoring heightmap data for chunk [146, -273], size does not match; expected: 43, got: 37
[21Jul2025 01:01:46.300] [Server thread/WARN] [net.minecraft.world.level.levelgen.Heightmap/]: Ignoring heightmap data for chunk [146, -273], size does not match; expected: 43, got: 37
[21Jul2025 01:01:46.300] [Server thread/WARN] [net.minecraft.world.level.levelgen.Heightmap/]: Ignoring heightmap data for chunk [146, -273], size does not match; expected: 43, got: 37
[21Jul2025 01:01:46.304] [Server thread/WARN] [net.minecraft.world.level.levelgen.Heightmap/]: Ignoring heightmap data for chunk [132, -272], size does not match; expected: 43, got: 37
[21Jul2025 01:01:46.304] [Server thread/WARN] [net.minecraft.world.level.levelgen.Heightmap/]: Ignoring heightmap data for chunk [132, -272], size does not match; expected: 43, got: 37
[21Jul2025 01:01:46.304] [Server thread/WARN] [net.minecraft.world.level.levelgen.Heightmap/]: Ignoring heightmap data for chunk [132, -272], size does not match; expected: 43, got: 37
[21Jul2025 01:01:46.305] [Server thread/WARN] [net.minecraft.world.level.levelgen.Heightmap/]: Ignoring heightmap data for chunk [132, -272], size does not match; expected: 43, got: 37
[21Jul2025 01:01:46.309] [Server thread/WARN] [net.minecraft.world.level.levelgen.Heightmap/]: Ignoring heightmap data for chunk [133, -272], size does not match; expected: 43, got: 37
[21Jul2025 01:01:46.309] [Server thread/WARN] [net.minecraft.world.level.levelgen.Heightmap/]: Ignoring heightmap data for chunk [133, -272], size does not match; expected: 43, got: 37
[21Jul2025 01:01:46.309] [Server thread/WARN] [net.minecraft.world.level.levelgen.Heightmap/]: Ignoring heightmap data for chunk [133, -272], size does not match; expected: 43, got: 37
[21Jul2025 01:01:46.309] [Server thread/WARN] [net.minecraft.world.level.levelgen.Heightmap/]: Ignoring heightmap data for chunk [133, -272], size does not match; expected: 43, got: 37
[21Jul2025 01:01:46.314] [Server thread/WARN] [net.minecraft.world.level.levelgen.Heightmap/]: Ignoring heightmap data for chunk [134, -272], size does not match; expected: 43, got: 37
[21Jul2025 01:01:46.315] [Server thread/WARN] [net.minecraft.world.level.levelgen.Heightmap/]: Ignoring heightmap data for chunk [134, -272], size does not match; expected: 43, got: 37
[21Jul2025 01:01:46.316] [Server thread/WARN] [net.minecraft.world.level.levelgen.Heightmap/]: Ignoring heightmap data for chunk [134, -272], size does not match; expected: 43, got: 37
[21Jul2025 01:01:46.316] [Server thread/WARN] [net.minecraft.world.level.levelgen.Heightmap/]: Ignoring heightmap data for chunk [134, -272], size does not match; expected: 43, got: 37
[21Jul2025 01:01:46.318] [Server thread/WARN] [net.minecraft.world.level.levelgen.Heightmap/]: Ignoring heightmap data for chunk [135, -272], size does not match; expected: 43, got: 37
[21Jul2025 01:01:46.321] [Server thread/WARN] [net.minecraft.world.level.levelgen.Heightmap/]: Ignoring heightmap data for chunk [135, -272], size does not match; expected: 43, got: 37
[21Jul2025 01:01:46.323] [Server thread/WARN] [net.minecraft.world.level.levelgen.Heightmap/]: Ignoring heightmap data for chunk [135, -272], size does not match; expected: 43, got: 37
[21Jul2025 01:01:46.324] [Server thread/WARN] [net.minecraft.world.level.levelgen.Heightmap/]: Ignoring heightmap data for chunk [135, -272], size does not match; expected: 43, got: 37
[21Jul2025 01:01:46.328] [Server thread/WARN] [net.minecraft.world.level.levelgen.Heightmap/]: Ignoring heightmap data for chunk [136, -272], size does not match; expected: 43, got: 37
[21Jul2025 01:01:46.329] [Server thread/WARN] [net.minecraft.world.level.levelgen.Heightmap/]: Ignoring heightmap data for chunk [136, -272], size does not match; expected: 43, got: 37
[21Jul2025 01:01:46.329] [Server thread/WARN] [net.minecraft.world.level.levelgen.Heightmap/]: Ignoring heightmap data for chunk [136, -272], size does not match; expected: 43, got: 37
[21Jul2025 01:01:46.329] [Server thread/WARN] [net.minecraft.world.level.levelgen.Heightmap/]: Ignoring heightmap data for chunk [136, -272], size does not match; expected: 43, got: 37
[21Jul2025 01:01:46.338] [Server thread/WARN] [net.minecraft.world.level.levelgen.Heightmap/]: Ignoring heightmap data for chunk [137, -272], size does not match; expected: 43, got: 37
[21Jul2025 01:01:46.339] [Server thread/WARN] [net.minecraft.world.level.levelgen.Heightmap/]: Ignoring heightmap data for chunk [137, -272], size does not match; expected: 43, got: 37
[21Jul2025 01:01:46.342] [Server thread/WARN] [net.minecraft.world.level.levelgen.Heightmap/]: Ignoring heightmap data for chunk [137, -272], size does not match; expected: 43, got: 37
[21Jul2025 01:01:46.342] [Server thread/WARN] [net.minecraft.world.level.levelgen.Heightmap/]: Ignoring heightmap data for chunk [137, -272], size does not match; expected: 43, got: 37
[21Jul2025 01:01:46.344] [Server thread/WARN] [net.minecraft.world.level.levelgen.Heightmap/]: Ignoring heightmap data for chunk [138, -272], size does not match; expected: 43, got: 37
[21Jul2025 01:01:46.344] [Server thread/WARN] [net.minecraft.world.level.levelgen.Heightmap/]: Ignoring heightmap data for chunk [138, -272], size does not match; expected: 43, got: 37
[21Jul2025 01:01:46.345] [Server thread/WARN] [net.minecraft.world.level.levelgen.Heightmap/]: Ignoring heightmap data for chunk [138, -272], size does not match; expected: 43, got: 37
[21Jul2025 01:01:46.346] [Server thread/WARN] [net.minecraft.world.level.levelgen.Heightmap/]: Ignoring heightmap data for chunk [138, -272], size does not match; expected: 43, got: 37
[21Jul2025 01:01:46.350] [Server thread/WARN] [net.minecraft.world.level.levelgen.Heightmap/]: Ignoring heightmap data for chunk [139, -272], size does not match; expected: 43, got: 37
[21Jul2025 01:01:46.350] [Server thread/WARN] [net.minecraft.world.level.levelgen.Heightmap/]: Ignoring heightmap data for chunk [139, -272], size does not match; expected: 43, got: 37
[21Jul2025 01:01:46.350] [Server thread/WARN] [net.minecraft.world.level.levelgen.Heightmap/]: Ignoring heightmap data for chunk [139, -272], size does not match; expected: 43, got: 37
[21Jul2025 01:01:46.351] [Server thread/WARN] [net.minecraft.world.level.levelgen.Heightmap/]: Ignoring heightmap data for chunk [139, -272], size does not match; expected: 43, got: 37
[21Jul2025 01:01:46.354] [Server thread/WARN] [net.minecraft.world.level.levelgen.Heightmap/]: Ignoring heightmap data for chunk [140, -272], size does not match; expected: 43, got: 37
[21Jul2025 01:01:46.354] [Server thread/WARN] [net.minecraft.world.level.levelgen.Heightmap/]: Ignoring heightmap data for chunk [140, -272], size does not match; expected: 43, got: 37
[21Jul2025 01:01:46.354] [Server thread/WARN] [net.minecraft.world.level.levelgen.Heightmap/]: Ignoring heightmap data for chunk [140, -272], size does not match; expected: 43, got: 37
[21Jul2025 01:01:46.354] [Server thread/WARN] [net.minecraft.world.level.levelgen.Heightmap/]: Ignoring heightmap data for chunk [140, -272], size does not match; expected: 43, got: 37
[21Jul2025 01:01:46.355] [Server thread/WARN] [net.minecraft.world.level.levelgen.Heightmap/]: Ignoring heightmap data for chunk [141, -272], size does not match; expected: 43, got: 37
[21Jul2025 01:01:46.356] [Server thread/WARN] [net.minecraft.world.level.levelgen.Heightmap/]: Ignoring heightmap data for chunk [141, -272], size does not match; expected: 43, got: 37
[21Jul2025 01:01:46.356] [Server thread/WARN] [net.minecraft.world.level.levelgen.Heightmap/]: Ignoring heightmap data for chunk [141, -272], size does not match; expected: 43, got: 37
[21Jul2025 01:01:46.356] [Server thread/WARN] [net.minecraft.world.level.levelgen.Heightmap/]: Ignoring heightmap data for chunk [141, -272], size does not match; expected: 43, got: 37
[21Jul2025 01:01:46.358] [Server thread/WARN] [net.minecraft.world.level.levelgen.Heightmap/]: Ignoring heightmap data for chunk [142, -272], size does not match; expected: 43, got: 37
[21Jul2025 01:01:46.358] [Server thread/WARN] [net.minecraft.world.level.levelgen.Heightmap/]: Ignoring heightmap data for chunk [142, -272], size does not match; expected: 43, got: 37
[21Jul2025 01:01:46.358] [Server thread/WARN] [net.minecraft.world.level.levelgen.Heightmap/]: Ignoring heightmap data for chunk [142, -272], size does not match; expected: 43, got: 37
[21Jul2025 01:01:46.358] [Server thread/WARN] [net.minecraft.world.level.levelgen.Heightmap/]: Ignoring heightmap data for chunk [142, -272], size does not match; expected: 43, got: 37
[21Jul2025 01:01:46.363] [Server thread/WARN] [net.minecraft.world.level.levelgen.Heightmap/]: Ignoring heightmap data for chunk [143, -272], size does not match; expected: 43, got: 37
[21Jul2025 01:01:46.365] [Server thread/WARN] [net.minecraft.world.level.levelgen.Heightmap/]: Ignoring heightmap data for chunk [143, -272], size does not match; expected: 43, got: 37
[21Jul2025 01:01:46.365] [Server thread/WARN] [net.minecraft.world.level.levelgen.Heightmap/]: Ignoring heightmap data for chunk [143, -272], size does not match; expected: 43, got: 37
[21Jul2025 01:01:46.365] [Server thread/WARN] [net.minecraft.world.level.levelgen.Heightmap/]: Ignoring heightmap data for chunk [143, -272], size does not match; expected: 43, got: 37
[21Jul2025 01:01:46.367] [Server thread/WARN] [net.minecraft.world.level.levelgen.Heightmap/]: Ignoring heightmap data for chunk [144, -272], size does not match; expected: 43, got: 37
[21Jul2025 01:01:46.367] [Server thread/WARN] [net.minecraft.world.level.levelgen.Heightmap/]: Ignoring heightmap data for chunk [144, -272], size does not match; expected: 43, got: 37
[21Jul2025 01:01:46.367] [Server thread/WARN] [net.minecraft.world.level.levelgen.Heightmap/]: Ignoring heightmap data for chunk [144, -272], size does not match; expected: 43, got: 37
[21Jul2025 01:01:46.367] [Server thread/WARN] [net.minecraft.world.level.levelgen.Heightmap/]: Ignoring heightmap data for chunk [144, -272], size does not match; expected: 43, got: 37
[21Jul2025 01:01:46.368] [Server thread/WARN] [net.minecraft.world.level.levelgen.Heightmap/]: Ignoring heightmap data for chunk [145, -272], size does not match; expected: 43, got: 37
[21Jul2025 01:01:46.368] [Server thread/WARN] [net.minecraft.world.level.levelgen.Heightmap/]: Ignoring heightmap data for chunk [145, -272], size does not match; expected: 43, got: 37
[21Jul2025 01:01:46.369] [Server thread/WARN] [net.minecraft.world.level.levelgen.Heightmap/]: Ignoring heightmap data for chunk [145, -272], size does not match; expected: 43, got: 37
[21Jul2025 01:01:46.369] [Server thread/WARN] [net.minecraft.world.level.levelgen.Heightmap/]: Ignoring heightmap data for chunk [145, -272], size does not match; expected: 43, got: 37
[21Jul2025 01:01:46.370] [Server thread/WARN] [net.minecraft.world.level.levelgen.Heightmap/]: Ignoring heightmap data for chunk [146, -272], size does not match; expected: 43, got: 37
[21Jul2025 01:01:46.371] [Server thread/WARN] [net.minecraft.world.level.levelgen.Heightmap/]: Ignoring heightmap data for chunk [146, -272], size does not match; expected: 43, got: 37
[21Jul2025 01:01:46.371] [Server thread/WARN] [net.minecraft.world.level.levelgen.Heightmap/]: Ignoring heightmap data for chunk [146, -272], size does not match; expected: 43, got: 37
[21Jul2025 01:01:46.371] [Server thread/WARN] [net.minecraft.world.level.levelgen.Heightmap/]: Ignoring heightmap data for chunk [146, -272], size does not match; expected: 43, got: 37
[21Jul2025 01:01:46.434] [Server thread/WARN] [net.minecraft.world.level.levelgen.Heightmap/]: Ignoring heightmap data for chunk [129, -278], size does not match; expected: 43, got: 37
[21Jul2025 01:01:46.434] [Server thread/WARN] [net.minecraft.world.level.levelgen.Heightmap/]: Ignoring heightmap data for chunk [129, -278], size does not match; expected: 43, got: 37
[21Jul2025 01:01:46.434] [Server thread/WARN] [net.minecraft.world.level.levelgen.Heightmap/]: Ignoring heightmap data for chunk [129, -278], size does not match; expected: 43, got: 37
[21Jul2025 01:01:46.434] [Server thread/WARN] [net.minecraft.world.level.levelgen.Heightmap/]: Ignoring heightmap data for chunk [129, -278], size does not match; expected: 43, got: 37
[21Jul2025 01:01:46.438] [Server thread/WARN] [net.minecraft.world.level.levelgen.Heightmap/]: Ignoring heightmap data for chunk [130, -278], size does not match; expected: 43, got: 37
[21Jul2025 01:01:46.439] [Server thread/WARN] [net.minecraft.world.level.levelgen.Heightmap/]: Ignoring heightmap data for chunk [130, -278], size does not match; expected: 43, got: 37
[21Jul2025 01:01:46.439] [Server thread/WARN] [net.minecraft.world.level.levelgen.Heightmap/]: Ignoring heightmap data for chunk [130, -278], size does not match; expected: 43, got: 37
[21Jul2025 01:01:46.439] [Server thread/WARN] [net.minecraft.world.level.levelgen.Heightmap/]: Ignoring heightmap data for chunk [130, -278], size does not match; expected: 43, got: 37
[21Jul2025 01:01:46.442] [Server thread/WARN] [net.minecraft.world.level.levelgen.Heightmap/]: Ignoring heightmap data for chunk [131, -278], size does not match; expected: 43, got: 37
[21Jul2025 01:01:46.443] [Server thread/WARN] [net.minecraft.world.level.levelgen.Heightmap/]: Ignoring heightmap data for chunk [131, -278], size does not match; expected: 43, got: 37
[21Jul2025 01:01:46.443] [Server thread/WARN] [net.minecraft.world.level.levelgen.Heightmap/]: Ignoring heightmap data for chunk [131, -278], size does not match; expected: 43, got: 37
[21Jul2025 01:01:46.443] [Server thread/WARN] [net.minecraft.world.level.levelgen.Heightmap/]: Ignoring heightmap data for chunk [131, -278], size does not match; expected: 43, got: 37
[21Jul2025 01:01:46.446] [Server thread/WARN] [net.minecraft.world.level.levelgen.Heightmap/]: Ignoring heightmap data for chunk [132, -278], size does not match; expected: 43, got: 37
[21Jul2025 01:01:46.448] [Server thread/WARN] [net.minecraft.world.level.levelgen.Heightmap/]: Ignoring heightmap data for chunk [132, -278], size does not match; expected: 43, got: 37
[21Jul2025 01:01:46.448] [Server thread/WARN] [net.minecraft.world.level.levelgen.Heightmap/]: Ignoring heightmap data for chunk [132, -278], size does not match; expected: 43, got: 37
[21Jul2025 01:01:46.448] [Server thread/WARN] [net.minecraft.world.level.levelgen.Heightmap/]: Ignoring heightmap data for chunk [132, -278], size does not match; expected: 43, got: 37
[21Jul2025 01:01:46.450] [Server thread/WARN] [net.minecraft.world.level.levelgen.Heightmap/]: Ignoring heightmap data for chunk [133, -278], size does not match; expected: 43, got: 37
[21Jul2025 01:01:46.450] [Server thread/WARN] [net.minecraft.world.level.levelgen.Heightmap/]: Ignoring heightmap data for chunk [133, -278], size does not match; expected: 43, got: 37
[21Jul2025 01:01:46.450] [Server thread/WARN] [net.minecraft.world.level.levelgen.Heightmap/]: Ignoring heightmap data for chunk [133, -278], size does not match; expected: 43, got: 37
[21Jul2025 01:01:46.450] [Server thread/WARN] [net.minecraft.world.level.levelgen.Heightmap/]: Ignoring heightmap data for chunk [133, -278], size does not match; expected: 43, got: 37
[21Jul2025 01:01:46.453] [Server thread/WARN] [net.minecraft.world.level.levelgen.Heightmap/]: Ignoring heightmap data for chunk [134, -278], size does not match; expected: 43, got: 37
[21Jul2025 01:01:46.453] [Server thread/WARN] [net.minecraft.world.level.levelgen.Heightmap/]: Ignoring heightmap data for chunk [134, -278], size does not match; expected: 43, got: 37
[21Jul2025 01:01:46.453] [Server thread/WARN] [net.minecraft.world.level.levelgen.Heightmap/]: Ignoring heightmap data for chunk [134, -278], size does not match; expected: 43, got: 37
[21Jul2025 01:01:46.454] [Server thread/WARN] [net.minecraft.world.level.levelgen.Heightmap/]: Ignoring heightmap data for chunk [134, -278], size does not match; expected: 43, got: 37
[21Jul2025 01:01:46.456] [Server thread/WARN] [net.minecraft.world.level.levelgen.Heightmap/]: Ignoring heightmap data for chunk [135, -278], size does not match; expected: 43, got: 37
[21Jul2025 01:01:46.457] [Server thread/WARN] [net.minecraft.world.level.levelgen.Heightmap/]: Ignoring heightmap data for chunk [135, -278], size does not match; expected: 43, got: 37
[21Jul2025 01:01:46.457] [Server thread/WARN] [net.minecraft.world.level.levelgen.Heightmap/]: Ignoring heightmap data for chunk [135, -278], size does not match; expected: 43, got: 37
[21Jul2025 01:01:46.457] [Server thread/WARN] [net.minecraft.world.level.levelgen.Heightmap/]: Ignoring heightmap data for chunk [135, -278], size does not match; expected: 43, got: 37
[21Jul2025 01:01:46.459] [Server thread/WARN] [net.minecraft.world.level.levelgen.Heightmap/]: Ignoring heightmap data for chunk [136, -278], size does not match; expected: 43, got: 37
[21Jul2025 01:01:46.459] [Server thread/WARN] [net.minecraft.world.level.levelgen.Heightmap/]: Ignoring heightmap data for chunk [136, -278], size does not match; expected: 43, got: 37
[21Jul2025 01:01:46.459] [Server thread/WARN] [net.minecraft.world.level.levelgen.Heightmap/]: Ignoring heightmap data for chunk [136, -278], size does not match; expected: 43, got: 37
[21Jul2025 01:01:46.459] [Server thread/WARN] [net.minecraft.world.level.levelgen.Heightmap/]: Ignoring heightmap data for chunk [136, -278], size does not match; expected: 43, got: 37
[21Jul2025 01:01:46.462] [Server thread/WARN] [net.minecraft.world.level.levelgen.Heightmap/]: Ignoring heightmap data for chunk [137, -278], size does not match; expected: 43, got: 37
[21Jul2025 01:01:46.463] [Server thread/WARN] [net.minecraft.world.level.levelgen.Heightmap/]: Ignoring heightmap data for chunk [137, -278], size does not match; expected: 43, got: 37
[21Jul2025 01:01:46.463] [Server thread/WARN] [net.minecraft.world.level.levelgen.Heightmap/]: Ignoring heightmap data for chunk [137, -278], size does not match; expected: 43, got: 37
[21Jul2025 01:01:46.463] [Server thread/WARN] [net.minecraft.world.level.levelgen.Heightmap/]: Ignoring heightmap data for chunk [137, -278], size does not match; expected: 43, got: 37
[21Jul2025 01:01:46.465] [Server thread/WARN] [net.minecraft.world.level.levelgen.Heightmap/]: Ignoring heightmap data for chunk [138, -278], size does not match; expected: 43, got: 37
[21Jul2025 01:01:46.465] [Server thread/WARN] [net.minecraft.world.level.levelgen.Heightmap/]: Ignoring heightmap data for chunk [138, -278], size does not match; expected: 43, got: 37
[21Jul2025 01:01:46.466] [Server thread/WARN] [net.minecraft.world.level.levelgen.Heightmap/]: Ignoring heightmap data for chunk [138, -278], size does not match; expected: 43, got: 37
[21Jul2025 01:01:46.467] [Server thread/WARN] [net.minecraft.world.level.levelgen.Heightmap/]: Ignoring heightmap data for chunk [138, -278], size does not match; expected: 43, got: 37
[21Jul2025 01:01:46.468] [Server thread/WARN] [net.minecraft.world.level.levelgen.Heightmap/]: Ignoring heightmap data for chunk [139, -278], size does not match; expected: 43, got: 37
[21Jul2025 01:01:46.469] [Server thread/WARN] [net.minecraft.world.level.levelgen.Heightmap/]: Ignoring heightmap data for chunk [139, -278], size does not match; expected: 43, got: 37
[21Jul2025 01:01:46.469] [Server thread/WARN] [net.minecraft.world.level.levelgen.Heightmap/]: Ignoring heightmap data for chunk [139, -278], size does not match; expected: 43, got: 37
[21Jul2025 01:01:46.469] [Server thread/WARN] [net.minecraft.world.level.levelgen.Heightmap/]: Ignoring heightmap data for chunk [139, -278], size does not match; expected: 43, got: 37
[21Jul2025 01:01:46.470] [Server thread/WARN] [net.minecraft.world.level.levelgen.Heightmap/]: Ignoring heightmap data for chunk [140, -278], size does not match; expected: 43, got: 37
[21Jul2025 01:01:46.471] [Server thread/WARN] [net.minecraft.world.level.levelgen.Heightmap/]: Ignoring heightmap data for chunk [140, -278], size does not match; expected: 43, got: 37
[21Jul2025 01:01:46.471] [Server thread/WARN] [net.minecraft.world.level.levelgen.Heightmap/]: Ignoring heightmap data for chunk [140, -278], size does not match; expected: 43, got: 37
[21Jul2025 01:01:46.471] [Server thread/WARN] [net.minecraft.world.level.levelgen.Heightmap/]: Ignoring heightmap data for chunk [140, -278], size does not match; expected: 43, got: 37
[21Jul2025 01:01:46.474] [Server thread/WARN] [net.minecraft.world.level.levelgen.Heightmap/]: Ignoring heightmap data for chunk [141, -278], size does not match; expected: 43, got: 37
[21Jul2025 01:01:46.474] [Server thread/WARN] [net.minecraft.world.level.levelgen.Heightmap/]: Ignoring heightmap data for chunk [141, -278], size does not match; expected: 43, got: 37
[21Jul2025 01:01:46.474] [Server thread/WARN] [net.minecraft.world.level.levelgen.Heightmap/]: Ignoring heightmap data for chunk [141, -278], size does not match; expected: 43, got: 37
[21Jul2025 01:01:46.474] [Server thread/WARN] [net.minecraft.world.level.levelgen.Heightmap/]: Ignoring heightmap data for chunk [141, -278], size does not match; expected: 43, got: 37
[21Jul2025 01:01:46.475] [Server thread/WARN] [net.minecraft.world.level.levelgen.Heightmap/]: Ignoring heightmap data for chunk [142, -278], size does not match; expected: 43, got: 37
[21Jul2025 01:01:46.476] [Server thread/WARN] [net.minecraft.world.level.levelgen.Heightmap/]: Ignoring heightmap data for chunk [142, -278], size does not match; expected: 43, got: 37
[21Jul2025 01:01:46.476] [Server thread/WARN] [net.minecraft.world.level.levelgen.Heightmap/]: Ignoring heightmap data for chunk [142, -278], size does not match; expected: 43, got: 37
[21Jul2025 01:01:46.476] [Server thread/WARN] [net.minecraft.world.level.levelgen.Heightmap/]: Ignoring heightmap data for chunk [142, -278], size does not match; expected: 43, got: 37
[21Jul2025 01:01:46.479] [Server thread/WARN] [net.minecraft.world.level.levelgen.Heightmap/]: Ignoring heightmap data for chunk [143, -278], size does not match; expected: 43, got: 37
[21Jul2025 01:01:46.480] [Server thread/WARN] [net.minecraft.world.level.levelgen.Heightmap/]: Ignoring heightmap data for chunk [143, -278], size does not match; expected: 43, got: 37
[21Jul2025 01:01:46.480] [Server thread/WARN] [net.minecraft.world.level.levelgen.Heightmap/]: Ignoring heightmap data for chunk [143, -278], size does not match; expected: 43, got: 37
[21Jul2025 01:01:46.480] [Server thread/WARN] [net.minecraft.world.level.levelgen.Heightmap/]: Ignoring heightmap data for chunk [143, -278], size does not match; expected: 43, got: 37
[21Jul2025 01:01:46.483] [Server thread/WARN] [net.minecraft.world.level.levelgen.Heightmap/]: Ignoring heightmap data for chunk [144, -278], size does not match; expected: 43, got: 37
[21Jul2025 01:01:46.484] [Server thread/WARN] [net.minecraft.world.level.levelgen.Heightmap/]: Ignoring heightmap data for chunk [144, -278], size does not match; expected: 43, got: 37
[21Jul2025 01:01:46.484] [Server thread/WARN] [net.minecraft.world.level.levelgen.Heightmap/]: Ignoring heightmap data for chunk [144, -278], size does not match; expected: 43, got: 37
[21Jul2025 01:01:46.484] [Server thread/WARN] [net.minecraft.world.level.levelgen.Heightmap/]: Ignoring heightmap data for chunk [144, -278], size does not match; expected: 43, got: 37
[21Jul2025 01:01:46.485] [Server thread/WARN] [net.minecraft.world.level.levelgen.Heightmap/]: Ignoring heightmap data for chunk [145, -278], size does not match; expected: 43, got: 37
[21Jul2025 01:01:46.485] [Server thread/WARN] [net.minecraft.world.level.levelgen.Heightmap/]: Ignoring heightmap data for chunk [145, -278], size does not match; expected: 43, got: 37
[21Jul2025 01:01:46.485] [Server thread/WARN] [net.minecraft.world.level.levelgen.Heightmap/]: Ignoring heightmap data for chunk [145, -278], size does not match; expected: 43, got: 37
[21Jul2025 01:01:46.486] [Server thread/WARN] [net.minecraft.world.level.levelgen.Heightmap/]: Ignoring heightmap data for chunk [145, -278], size does not match; expected: 43, got: 37
[21Jul2025 01:01:46.487] [Server thread/WARN] [net.minecraft.world.level.levelgen.Heightmap/]: Ignoring heightmap data for chunk [129, -277], size does not match; expected: 43, got: 37
[21Jul2025 01:01:46.487] [Server thread/WARN] [net.minecraft.world.level.levelgen.Heightmap/]: Ignoring heightmap data for chunk [129, -277], size does not match; expected: 43, got: 37
[21Jul2025 01:01:46.487] [Server thread/WARN] [net.minecraft.world.level.levelgen.Heightmap/]: Ignoring heightmap data for chunk [129, -277], size does not match; expected: 43, got: 37
[21Jul2025 01:01:46.488] [Server thread/WARN] [net.minecraft.world.level.levelgen.Heightmap/]: Ignoring heightmap data for chunk [129, -277], size does not match; expected: 43, got: 37
[21Jul2025 01:01:46.489] [Server thread/WARN] [net.minecraft.world.level.levelgen.Heightmap/]: Ignoring heightmap data for chunk [129, -276], size does not match; expected: 43, got: 37
[21Jul2025 01:01:46.489] [Server thread/WARN] [net.minecraft.world.level.levelgen.Heightmap/]: Ignoring heightmap data for chunk [129, -276], size does not match; expected: 43, got: 37
[21Jul2025 01:01:46.489] [Server thread/WARN] [net.minecraft.world.level.levelgen.Heightmap/]: Ignoring heightmap data for chunk [129, -276], size does not match; expected: 43, got: 37
[21Jul2025 01:01:46.490] [Server thread/WARN] [net.minecraft.world.level.levelgen.Heightmap/]: Ignoring heightmap data for chunk [129, -276], size does not match; expected: 43, got: 37
[21Jul2025 01:01:46.498] [Server thread/WARN] [net.minecraft.world.level.levelgen.Heightmap/]: Ignoring heightmap data for chunk [146, -278], size does not match; expected: 43, got: 37
[21Jul2025 01:01:46.498] [Server thread/WARN] [net.minecraft.world.level.levelgen.Heightmap/]: Ignoring heightmap data for chunk [146, -278], size does not match; expected: 43, got: 37
[21Jul2025 01:01:46.499] [Server thread/WARN] [net.minecraft.world.level.levelgen.Heightmap/]: Ignoring heightmap data for chunk [146, -278], size does not match; expected: 43, got: 37
[21Jul2025 01:01:46.499] [Server thread/WARN] [net.minecraft.world.level.levelgen.Heightmap/]: Ignoring heightmap data for chunk [146, -278], size does not match; expected: 43, got: 37
[21Jul2025 01:01:46.500] [Server thread/WARN] [net.minecraft.world.level.levelgen.Heightmap/]: Ignoring heightmap data for chunk [147, -278], size does not match; expected: 43, got: 37
[21Jul2025 01:01:46.500] [Server thread/WARN] [net.minecraft.world.level.levelgen.Heightmap/]: Ignoring heightmap data for chunk [147, -278], size does not match; expected: 43, got: 37
[21Jul2025 01:01:46.501] [Server thread/WARN] [net.minecraft.world.level.levelgen.Heightmap/]: Ignoring heightmap data for chunk [147, -278], size does not match; expected: 43, got: 37
[21Jul2025 01:01:46.501] [Server thread/WARN] [net.minecraft.world.level.levelgen.Heightmap/]: Ignoring heightmap data for chunk [147, -278], size does not match; expected: 43, got: 37
[21Jul2025 01:01:46.502] [Server thread/WARN] [net.minecraft.world.level.levelgen.Heightmap/]: Ignoring heightmap data for chunk [147, -277], size does not match; expected: 43, got: 37
[21Jul2025 01:01:46.504] [Server thread/WARN] [net.minecraft.world.level.levelgen.Heightmap/]: Ignoring heightmap data for chunk [147, -277], size does not match; expected: 43, got: 37
[21Jul2025 01:01:46.504] [Server thread/WARN] [net.minecraft.world.level.levelgen.Heightmap/]: Ignoring heightmap data for chunk [147, -277], size does not match; expected: 43, got: 37
[21Jul2025 01:01:46.507] [Server thread/WARN] [net.minecraft.world.level.levelgen.Heightmap/]: Ignoring heightmap data for chunk [147, -277], size does not match; expected: 43, got: 37
[21Jul2025 01:01:46.508] [Server thread/WARN] [net.minecraft.world.level.levelgen.Heightmap/]: Ignoring heightmap data for chunk [147, -276], size does not match; expected: 43, got: 37
[21Jul2025 01:01:46.509] [Server thread/WARN] [net.minecraft.world.level.levelgen.Heightmap/]: Ignoring heightmap data for chunk [147, -276], size does not match; expected: 43, got: 37
[21Jul2025 01:01:46.509] [Server thread/WARN] [net.minecraft.world.level.levelgen.Heightmap/]: Ignoring heightmap data for chunk [147, -276], size does not match; expected: 43, got: 37
[21Jul2025 01:01:46.509] [Server thread/WARN] [net.minecraft.world.level.levelgen.Heightmap/]: Ignoring heightmap data for chunk [147, -276], size does not match; expected: 43, got: 37
[21Jul2025 01:01:46.510] [Server thread/WARN] [net.minecraft.world.level.levelgen.Heightmap/]: Ignoring heightmap data for chunk [147, -275], size does not match; expected: 43, got: 37
[21Jul2025 01:01:46.511] [Server thread/WARN] [net.minecraft.world.level.levelgen.Heightmap/]: Ignoring heightmap data for chunk [147, -275], size does not match; expected: 43, got: 37
[21Jul2025 01:01:46.512] [Server thread/WARN] [net.minecraft.world.level.levelgen.Heightmap/]: Ignoring heightmap data for chunk [147, -275], size does not match; expected: 43, got: 37
[21Jul2025 01:01:46.512] [Server thread/WARN] [net.minecraft.world.level.levelgen.Heightmap/]: Ignoring heightmap data for chunk [147, -275], size does not match; expected: 43, got: 37
[21Jul2025 01:01:46.515] [Server thread/WARN] [net.minecraft.world.level.levelgen.Heightmap/]: Ignoring heightmap data for chunk [147, -274], size does not match; expected: 43, got: 37
[21Jul2025 01:01:46.516] [Server thread/WARN] [net.minecraft.world.level.levelgen.Heightmap/]: Ignoring heightmap data for chunk [147, -274], size does not match; expected: 43, got: 37
[21Jul2025 01:01:46.516] [Server thread/WARN] [net.minecraft.world.level.levelgen.Heightmap/]: Ignoring heightmap data for chunk [147, -274], size does not match; expected: 43, got: 37
[21Jul2025 01:01:46.516] [Server thread/WARN] [net.minecraft.world.level.levelgen.Heightmap/]: Ignoring heightmap data for chunk [147, -274], size does not match; expected: 43, got: 37
[21Jul2025 01:01:46.519] [Server thread/WARN] [net.minecraft.world.level.levelgen.Heightmap/]: Ignoring heightmap data for chunk [147, -273], size does not match; expected: 43, got: 37
[21Jul2025 01:01:46.520] [Server thread/WARN] [net.minecraft.world.level.levelgen.Heightmap/]: Ignoring heightmap data for chunk [147, -273], size does not match; expected: 43, got: 37
[21Jul2025 01:01:46.520] [Server thread/WARN] [net.minecraft.world.level.levelgen.Heightmap/]: Ignoring heightmap data for chunk [147, -273], size does not match; expected: 43, got: 37
[21Jul2025 01:01:46.520] [Server thread/WARN] [net.minecraft.world.level.levelgen.Heightmap/]: Ignoring heightmap data for chunk [147, -273], size does not match; expected: 43, got: 37
[21Jul2025 01:01:46.524] [Server thread/WARN] [net.minecraft.world.level.levelgen.Heightmap/]: Ignoring heightmap data for chunk [147, -272], size does not match; expected: 43, got: 37
[21Jul2025 01:01:46.527] [Server thread/WARN] [net.minecraft.world.level.levelgen.Heightmap/]: Ignoring heightmap data for chunk [147, -272], size does not match; expected: 43, got: 37
[21Jul2025 01:01:46.527] [Server thread/WARN] [net.minecraft.world.level.levelgen.Heightmap/]: Ignoring heightmap data for chunk [147, -272], size does not match; expected: 43, got: 37
[21Jul2025 01:01:46.531] [Server thread/WARN] [net.minecraft.world.level.levelgen.Heightmap/]: Ignoring heightmap data for chunk [147, -272], size does not match; expected: 43, got: 37
[21Jul2025 01:01:46.536] [Server thread/WARN] [net.minecraft.world.level.levelgen.Heightmap/]: Ignoring heightmap data for chunk [147, -271], size does not match; expected: 43, got: 37
[21Jul2025 01:01:46.537] [Server thread/WARN] [net.minecraft.world.level.levelgen.Heightmap/]: Ignoring heightmap data for chunk [147, -271], size does not match; expected: 43, got: 37
[21Jul2025 01:01:46.537] [Server thread/WARN] [net.minecraft.world.level.levelgen.Heightmap/]: Ignoring heightmap data for chunk [147, -271], size does not match; expected: 43, got: 37
[21Jul2025 01:01:46.538] [Server thread/WARN] [net.minecraft.world.level.levelgen.Heightmap/]: Ignoring heightmap data for chunk [147, -271], size does not match; expected: 43, got: 37
[21Jul2025 01:01:46.543] [Server thread/WARN] [net.minecraft.world.level.levelgen.Heightmap/]: Ignoring heightmap data for chunk [128, -279], size does not match; expected: 43, got: 37
[21Jul2025 01:01:46.544] [Server thread/WARN] [net.minecraft.world.level.levelgen.Heightmap/]: Ignoring heightmap data for chunk [128, -279], size does not match; expected: 43, got: 37
[21Jul2025 01:01:46.544] [Server thread/WARN] [net.minecraft.world.level.levelgen.Heightmap/]: Ignoring heightmap data for chunk [128, -279], size does not match; expected: 43, got: 37
[21Jul2025 01:01:46.544] [Server thread/WARN] [net.minecraft.world.level.levelgen.Heightmap/]: Ignoring heightmap data for chunk [128, -279], size does not match; expected: 43, got: 37
[21Jul2025 01:01:46.549] [Server thread/WARN] [net.minecraft.world.level.levelgen.Heightmap/]: Ignoring heightmap data for chunk [129, -279], size does not match; expected: 43, got: 37
[21Jul2025 01:01:46.549] [Server thread/WARN] [net.minecraft.world.level.levelgen.Heightmap/]: Ignoring heightmap data for chunk [129, -279], size does not match; expected: 43, got: 37
[21Jul2025 01:01:46.550] [Server thread/WARN] [net.minecraft.world.level.levelgen.Heightmap/]: Ignoring heightmap data for chunk [129, -279], size does not match; expected: 43, got: 37
[21Jul2025 01:01:46.551] [Server thread/WARN] [net.minecraft.world.level.levelgen.Heightmap/]: Ignoring heightmap data for chunk [129, -279], size does not match; expected: 43, got: 37
[21Jul2025 01:01:46.554] [Server thread/WARN] [net.minecraft.world.level.levelgen.Heightmap/]: Ignoring heightmap data for chunk [130, -279], size does not match; expected: 43, got: 37
[21Jul2025 01:01:46.555] [Server thread/WARN] [net.minecraft.world.level.levelgen.Heightmap/]: Ignoring heightmap data for chunk [130, -279], size does not match; expected: 43, got: 37
[21Jul2025 01:01:46.555] [Server thread/WARN] [net.minecraft.world.level.levelgen.Heightmap/]: Ignoring heightmap data for chunk [130, -279], size does not match; expected: 43, got: 37
[21Jul2025 01:01:46.556] [Server thread/WARN] [net.minecraft.world.level.levelgen.Heightmap/]: Ignoring heightmap data for chunk [130, -279], size does not match; expected: 43, got: 37
[21Jul2025 01:01:46.559] [Server thread/WARN] [net.minecraft.world.level.levelgen.Heightmap/]: Ignoring heightmap data for chunk [131, -279], size does not match; expected: 43, got: 37
[21Jul2025 01:01:46.560] [Server thread/WARN] [net.minecraft.world.level.levelgen.Heightmap/]: Ignoring heightmap data for chunk [131, -279], size does not match; expected: 43, got: 37
[21Jul2025 01:01:46.560] [Server thread/WARN] [net.minecraft.world.level.levelgen.Heightmap/]: Ignoring heightmap data for chunk [131, -279], size does not match; expected: 43, got: 37
[21Jul2025 01:01:46.561] [Server thread/WARN] [net.minecraft.world.level.levelgen.Heightmap/]: Ignoring heightmap data for chunk [131, -279], size does not match; expected: 43, got: 37
[21Jul2025 01:01:46.564] [Server thread/WARN] [net.minecraft.world.level.levelgen.Heightmap/]: Ignoring heightmap data for chunk [132, -279], size does not match; expected: 43, got: 37
[21Jul2025 01:01:46.564] [Server thread/WARN] [net.minecraft.world.level.levelgen.Heightmap/]: Ignoring heightmap data for chunk [132, -279], size does not match; expected: 43, got: 37
[21Jul2025 01:01:46.565] [Server thread/WARN] [net.minecraft.world.level.levelgen.Heightmap/]: Ignoring heightmap data for chunk [132, -279], size does not match; expected: 43, got: 37
[21Jul2025 01:01:46.565] [Server thread/WARN] [net.minecraft.world.level.levelgen.Heightmap/]: Ignoring heightmap data for chunk [132, -279], size does not match; expected: 43, got: 37
[21Jul2025 01:01:46.567] [Server thread/WARN] [net.minecraft.world.level.levelgen.Heightmap/]: Ignoring heightmap data for chunk [133, -279], size does not match; expected: 43, got: 37
[21Jul2025 01:01:46.567] [Server thread/WARN] [net.minecraft.world.level.levelgen.Heightmap/]: Ignoring heightmap data for chunk [133, -279], size does not match; expected: 43, got: 37
[21Jul2025 01:01:46.567] [Server thread/WARN] [net.minecraft.world.level.levelgen.Heightmap/]: Ignoring heightmap data for chunk [133, -279], size does not match; expected: 43, got: 37
[21Jul2025 01:01:46.568] [Server thread/WARN] [net.minecraft.world.level.levelgen.Heightmap/]: Ignoring heightmap data for chunk [133, -279], size does not match; expected: 43, got: 37
[21Jul2025 01:01:46.570] [Server thread/WARN] [net.minecraft.world.level.levelgen.Heightmap/]: Ignoring heightmap data for chunk [134, -279], size does not match; expected: 43, got: 37
[21Jul2025 01:01:46.570] [Server thread/WARN] [net.minecraft.world.level.levelgen.Heightmap/]: Ignoring heightmap data for chunk [134, -279], size does not match; expected: 43, got: 37
[21Jul2025 01:01:46.570] [Server thread/WARN] [net.minecraft.world.level.levelgen.Heightmap/]: Ignoring heightmap data for chunk [134, -279], size does not match; expected: 43, got: 37
[21Jul2025 01:01:46.571] [Server thread/WARN] [net.minecraft.world.level.levelgen.Heightmap/]: Ignoring heightmap data for chunk [134, -279], size does not match; expected: 43, got: 37
[21Jul2025 01:01:46.573] [Server thread/WARN] [net.minecraft.world.level.levelgen.Heightmap/]: Ignoring heightmap data for chunk [135, -279], size does not match; expected: 43, got: 37
[21Jul2025 01:01:46.574] [Server thread/WARN] [net.minecraft.world.level.levelgen.Heightmap/]: Ignoring heightmap data for chunk [135, -279], size does not match; expected: 43, got: 37
[21Jul2025 01:01:46.575] [Server thread/WARN] [net.minecraft.world.level.levelgen.Heightmap/]: Ignoring heightmap data for chunk [135, -279], size does not match; expected: 43, got: 37
[21Jul2025 01:01:46.575] [Server thread/WARN] [net.minecraft.world.level.levelgen.Heightmap/]: Ignoring heightmap data for chunk [135, -279], size does not match; expected: 43, got: 37
[21Jul2025 01:01:46.577] [Server thread/WARN] [net.minecraft.world.level.levelgen.Heightmap/]: Ignoring heightmap data for chunk [136, -279], size does not match; expected: 43, got: 37
[21Jul2025 01:01:46.577] [Server thread/WARN] [net.minecraft.world.level.levelgen.Heightmap/]: Ignoring heightmap data for chunk [136, -279], size does not match; expected: 43, got: 37
[21Jul2025 01:01:46.578] [Server thread/WARN] [net.minecraft.world.level.levelgen.Heightmap/]: Ignoring heightmap data for chunk [136, -279], size does not match; expected: 43, got: 37
[21Jul2025 01:01:46.578] [Server thread/WARN] [net.minecraft.world.level.levelgen.Heightmap/]: Ignoring heightmap data for chunk [136, -279], size does not match; expected: 43, got: 37
[21Jul2025 01:01:46.579] [Server thread/WARN] [net.minecraft.world.level.levelgen.Heightmap/]: Ignoring heightmap data for chunk [137, -279], size does not match; expected: 43, got: 37
[21Jul2025 01:01:46.582] [Server thread/WARN] [net.minecraft.world.level.levelgen.Heightmap/]: Ignoring heightmap data for chunk [137, -279], size does not match; expected: 43, got: 37
[21Jul2025 01:01:46.582] [Server thread/WARN] [net.minecraft.world.level.levelgen.Heightmap/]: Ignoring heightmap data for chunk [137, -279], size does not match; expected: 43, got: 37
[21Jul2025 01:01:46.583] [Server thread/WARN] [net.minecraft.world.level.levelgen.Heightmap/]: Ignoring heightmap data for chunk [137, -279], size does not match; expected: 43, got: 37
[21Jul2025 01:01:46.584] [Server thread/WARN] [net.minecraft.world.level.levelgen.Heightmap/]: Ignoring heightmap data for chunk [138, -279], size does not match; expected: 43, got: 37
[21Jul2025 01:01:46.585] [Server thread/WARN] [net.minecraft.world.level.levelgen.Heightmap/]: Ignoring heightmap data for chunk [138, -279], size does not match; expected: 43, got: 37
[21Jul2025 01:01:46.587] [Server thread/WARN] [net.minecraft.world.level.levelgen.Heightmap/]: Ignoring heightmap data for chunk [138, -279], size does not match; expected: 43, got: 37
[21Jul2025 01:01:46.587] [Server thread/WARN] [net.minecraft.world.level.levelgen.Heightmap/]: Ignoring heightmap data for chunk [138, -279], size does not match; expected: 43, got: 37
[21Jul2025 01:01:46.590] [Server thread/WARN] [net.minecraft.world.level.levelgen.Heightmap/]: Ignoring heightmap data for chunk [139, -279], size does not match; expected: 43, got: 37
[21Jul2025 01:01:46.592] [Server thread/WARN] [net.minecraft.world.level.levelgen.Heightmap/]: Ignoring heightmap data for chunk [139, -279], size does not match; expected: 43, got: 37
[21Jul2025 01:01:46.592] [Server thread/WARN] [net.minecraft.world.level.levelgen.Heightmap/]: Ignoring heightmap data for chunk [139, -279], size does not match; expected: 43, got: 37
[21Jul2025 01:01:46.592] [Server thread/WARN] [net.minecraft.world.level.levelgen.Heightmap/]: Ignoring heightmap data for chunk [139, -279], size does not match; expected: 43, got: 37
[21Jul2025 01:01:46.595] [Server thread/WARN] [net.minecraft.world.level.levelgen.Heightmap/]: Ignoring heightmap data for chunk [140, -279], size does not match; expected: 43, got: 37
[21Jul2025 01:01:46.595] [Server thread/WARN] [net.minecraft.world.level.levelgen.Heightmap/]: Ignoring heightmap data for chunk [140, -279], size does not match; expected: 43, got: 37
[21Jul2025 01:01:46.595] [Server thread/WARN] [net.minecraft.world.level.levelgen.Heightmap/]: Ignoring heightmap data for chunk [140, -279], size does not match; expected: 43, got: 37
[21Jul2025 01:01:46.595] [Server thread/WARN] [net.minecraft.world.level.levelgen.Heightmap/]: Ignoring heightmap data for chunk [140, -279], size does not match; expected: 43, got: 37
[21Jul2025 01:01:46.597] [Server thread/WARN] [net.minecraft.world.level.levelgen.Heightmap/]: Ignoring heightmap data for chunk [141, -279], size does not match; expected: 43, got: 37
[21Jul2025 01:01:46.597] [Server thread/WARN] [net.minecraft.world.level.levelgen.Heightmap/]: Ignoring heightmap data for chunk [141, -279], size does not match; expected: 43, got: 37
[21Jul2025 01:01:46.597] [Server thread/WARN] [net.minecraft.world.level.levelgen.Heightmap/]: Ignoring heightmap data for chunk [141, -279], size does not match; expected: 43, got: 37
[21Jul2025 01:01:46.597] [Server thread/WARN] [net.minecraft.world.level.levelgen.Heightmap/]: Ignoring heightmap data for chunk [141, -279], size does not match; expected: 43, got: 37
[21Jul2025 01:01:46.601] [Server thread/WARN] [net.minecraft.world.level.levelgen.Heightmap/]: Ignoring heightmap data for chunk [142, -279], size does not match; expected: 43, got: 37
[21Jul2025 01:01:46.601] [Server thread/WARN] [net.minecraft.world.level.levelgen.Heightmap/]: Ignoring heightmap data for chunk [142, -279], size does not match; expected: 43, got: 37
[21Jul2025 01:01:46.601] [Server thread/WARN] [net.minecraft.world.level.levelgen.Heightmap/]: Ignoring heightmap data for chunk [142, -279], size does not match; expected: 43, got: 37
[21Jul2025 01:01:46.602] [Server thread/WARN] [net.minecraft.world.level.levelgen.Heightmap/]: Ignoring heightmap data for chunk [142, -279], size does not match; expected: 43, got: 37
[21Jul2025 01:01:46.603] [Server thread/WARN] [net.minecraft.world.level.levelgen.Heightmap/]: Ignoring heightmap data for chunk [143, -279], size does not match; expected: 43, got: 37
[21Jul2025 01:01:46.603] [Server thread/WARN] [net.minecraft.world.level.levelgen.Heightmap/]: Ignoring heightmap data for chunk [143, -279], size does not match; expected: 43, got: 37
[21Jul2025 01:01:46.603] [Server thread/WARN] [net.minecraft.world.level.levelgen.Heightmap/]: Ignoring heightmap data for chunk [143, -279], size does not match; expected: 43, got: 37
[21Jul2025 01:01:46.604] [Server thread/WARN] [net.minecraft.world.level.levelgen.Heightmap/]: Ignoring heightmap data for chunk [143, -279], size does not match; expected: 43, got: 37
[21Jul2025 01:01:46.605] [Server thread/WARN] [net.minecraft.world.level.levelgen.Heightmap/]: Ignoring heightmap data for chunk [144, -279], size does not match; expected: 43, got: 37
[21Jul2025 01:01:46.605] [Server thread/WARN] [net.minecraft.world.level.levelgen.Heightmap/]: Ignoring heightmap data for chunk [144, -279], size does not match; expected: 43, got: 37
[21Jul2025 01:01:46.605] [Server thread/WARN] [net.minecraft.world.level.levelgen.Heightmap/]: Ignoring heightmap data for chunk [144, -279], size does not match; expected: 43, got: 37
[21Jul2025 01:01:46.605] [Server thread/WARN] [net.minecraft.world.level.levelgen.Heightmap/]: Ignoring heightmap data for chunk [144, -279], size does not match; expected: 43, got: 37
[21Jul2025 01:01:46.617] [Server thread/WARN] [net.minecraft.world.level.levelgen.Heightmap/]: Ignoring heightmap data for chunk [145, -279], size does not match; expected: 43, got: 37
[21Jul2025 01:01:46.617] [Server thread/WARN] [net.minecraft.world.level.levelgen.Heightmap/]: Ignoring heightmap data for chunk [145, -279], size does not match; expected: 43, got: 37
[21Jul2025 01:01:46.617] [Server thread/WARN] [net.minecraft.world.level.levelgen.Heightmap/]: Ignoring heightmap data for chunk [145, -279], size does not match; expected: 43, got: 37
[21Jul2025 01:01:46.617] [Server thread/WARN] [net.minecraft.world.level.levelgen.Heightmap/]: Ignoring heightmap data for chunk [145, -279], size does not match; expected: 43, got: 37
[21Jul2025 01:01:46.619] [Server thread/WARN] [net.minecraft.world.level.levelgen.Heightmap/]: Ignoring heightmap data for chunk [146, -279], size does not match; expected: 43, got: 37
[21Jul2025 01:01:46.619] [Server thread/WARN] [net.minecraft.world.level.levelgen.Heightmap/]: Ignoring heightmap data for chunk [146, -279], size does not match; expected: 43, got: 37
[21Jul2025 01:01:46.619] [Server thread/WARN] [net.minecraft.world.level.levelgen.Heightmap/]: Ignoring heightmap data for chunk [146, -279], size does not match; expected: 43, got: 37
[21Jul2025 01:01:46.619] [Server thread/WARN] [net.minecraft.world.level.levelgen.Heightmap/]: Ignoring heightmap data for chunk [146, -279], size does not match; expected: 43, got: 37
[21Jul2025 01:01:46.621] [Server thread/WARN] [net.minecraft.world.level.levelgen.Heightmap/]: Ignoring heightmap data for chunk [147, -279], size does not match; expected: 43, got: 37
[21Jul2025 01:01:46.621] [Server thread/WARN] [net.minecraft.world.level.levelgen.Heightmap/]: Ignoring heightmap data for chunk [147, -279], size does not match; expected: 43, got: 37
[21Jul2025 01:01:46.621] [Server thread/WARN] [net.minecraft.world.level.levelgen.Heightmap/]: Ignoring heightmap data for chunk [147, -279], size does not match; expected: 43, got: 37
[21Jul2025 01:01:46.622] [Server thread/WARN] [net.minecraft.world.level.levelgen.Heightmap/]: Ignoring heightmap data for chunk [147, -279], size does not match; expected: 43, got: 37
[21Jul2025 01:01:46.623] [Server thread/WARN] [net.minecraft.world.level.levelgen.Heightmap/]: Ignoring heightmap data for chunk [148, -279], size does not match; expected: 43, got: 37
[21Jul2025 01:01:46.624] [Server thread/WARN] [net.minecraft.world.level.levelgen.Heightmap/]: Ignoring heightmap data for chunk [148, -279], size does not match; expected: 43, got: 37
[21Jul2025 01:01:46.624] [Server thread/WARN] [net.minecraft.world.level.levelgen.Heightmap/]: Ignoring heightmap data for chunk [148, -279], size does not match; expected: 43, got: 37
[21Jul2025 01:01:46.624] [Server thread/WARN] [net.minecraft.world.level.levelgen.Heightmap/]: Ignoring heightmap data for chunk [148, -279], size does not match; expected: 43, got: 37
[21Jul2025 01:01:46.625] [Server thread/WARN] [net.minecraft.world.level.levelgen.Heightmap/]: Ignoring heightmap data for chunk [148, -278], size does not match; expected: 43, got: 37
[21Jul2025 01:01:46.626] [Server thread/WARN] [net.minecraft.world.level.levelgen.Heightmap/]: Ignoring heightmap data for chunk [148, -278], size does not match; expected: 43, got: 37
[21Jul2025 01:01:46.626] [Server thread/WARN] [net.minecraft.world.level.levelgen.Heightmap/]: Ignoring heightmap data for chunk [148, -278], size does not match; expected: 43, got: 37
[21Jul2025 01:01:46.626] [Server thread/WARN] [net.minecraft.world.level.levelgen.Heightmap/]: Ignoring heightmap data for chunk [148, -278], size does not match; expected: 43, got: 37
[21Jul2025 01:01:46.630] [Server thread/WARN] [net.minecraft.world.level.levelgen.Heightmap/]: Ignoring heightmap data for chunk [148, -277], size does not match; expected: 43, got: 37
[21Jul2025 01:01:46.631] [Server thread/WARN] [net.minecraft.world.level.levelgen.Heightmap/]: Ignoring heightmap data for chunk [148, -277], size does not match; expected: 43, got: 37
[21Jul2025 01:01:46.631] [Server thread/WARN] [net.minecraft.world.level.levelgen.Heightmap/]: Ignoring heightmap data for chunk [148, -277], size does not match; expected: 43, got: 37
[21Jul2025 01:01:46.631] [Server thread/WARN] [net.minecraft.world.level.levelgen.Heightmap/]: Ignoring heightmap data for chunk [148, -277], size does not match; expected: 43, got: 37
[21Jul2025 01:01:46.633] [Server thread/WARN] [net.minecraft.world.level.levelgen.Heightmap/]: Ignoring heightmap data for chunk [148, -276], size does not match; expected: 43, got: 37
[21Jul2025 01:01:46.633] [Server thread/WARN] [net.minecraft.world.level.levelgen.Heightmap/]: Ignoring heightmap data for chunk [148, -276], size does not match; expected: 43, got: 37
[21Jul2025 01:01:46.633] [Server thread/WARN] [net.minecraft.world.level.levelgen.Heightmap/]: Ignoring heightmap data for chunk [148, -276], size does not match; expected: 43, got: 37
[21Jul2025 01:01:46.633] [Server thread/WARN] [net.minecraft.world.level.levelgen.Heightmap/]: Ignoring heightmap data for chunk [148, -276], size does not match; expected: 43, got: 37
[21Jul2025 01:01:46.635] [Server thread/WARN] [net.minecraft.world.level.levelgen.Heightmap/]: Ignoring heightmap data for chunk [148, -275], size does not match; expected: 43, got: 37
[21Jul2025 01:01:46.635] [Server thread/WARN] [net.minecraft.world.level.levelgen.Heightmap/]: Ignoring heightmap data for chunk [148, -275], size does not match; expected: 43, got: 37
[21Jul2025 01:01:46.635] [Server thread/WARN] [net.minecraft.world.level.levelgen.Heightmap/]: Ignoring heightmap data for chunk [148, -275], size does not match; expected: 43, got: 37
[21Jul2025 01:01:46.636] [Server thread/WARN] [net.minecraft.world.level.levelgen.Heightmap/]: Ignoring heightmap data for chunk [148, -275], size does not match; expected: 43, got: 37
[21Jul2025 01:01:46.637] [Server thread/WARN] [net.minecraft.world.level.levelgen.Heightmap/]: Ignoring heightmap data for chunk [148, -274], size does not match; expected: 43, got: 37
[21Jul2025 01:01:46.637] [Server thread/WARN] [net.minecraft.world.level.levelgen.Heightmap/]: Ignoring heightmap data for chunk [148, -274], size does not match; expected: 43, got: 37
[21Jul2025 01:01:46.637] [Server thread/WARN] [net.minecraft.world.level.levelgen.Heightmap/]: Ignoring heightmap data for chunk [148, -274], size does not match; expected: 43, got: 37
[21Jul2025 01:01:46.638] [Server thread/WARN] [net.minecraft.world.level.levelgen.Heightmap/]: Ignoring heightmap data for chunk [148, -274], size does not match; expected: 43, got: 37
[21Jul2025 01:01:46.639] [Server thread/WARN] [net.minecraft.world.level.levelgen.Heightmap/]: Ignoring heightmap data for chunk [148, -273], size does not match; expected: 43, got: 37
[21Jul2025 01:01:46.639] [Server thread/WARN] [net.minecraft.world.level.levelgen.Heightmap/]: Ignoring heightmap data for chunk [148, -273], size does not match; expected: 43, got: 37
[21Jul2025 01:01:46.640] [Server thread/WARN] [net.minecraft.world.level.levelgen.Heightmap/]: Ignoring heightmap data for chunk [148, -273], size does not match; expected: 43, got: 37
[21Jul2025 01:01:46.640] [Server thread/WARN] [net.minecraft.world.level.levelgen.Heightmap/]: Ignoring heightmap data for chunk [148, -273], size does not match; expected: 43, got: 37
[21Jul2025 01:01:46.643] [Server thread/WARN] [net.minecraft.world.level.levelgen.Heightmap/]: Ignoring heightmap data for chunk [148, -272], size does not match; expected: 43, got: 37
[21Jul2025 01:01:46.644] [Server thread/WARN] [net.minecraft.world.level.levelgen.Heightmap/]: Ignoring heightmap data for chunk [148, -272], size does not match; expected: 43, got: 37
[21Jul2025 01:01:46.644] [Server thread/WARN] [net.minecraft.world.level.levelgen.Heightmap/]: Ignoring heightmap data for chunk [148, -272], size does not match; expected: 43, got: 37
[21Jul2025 01:01:46.644] [Server thread/WARN] [net.minecraft.world.level.levelgen.Heightmap/]: Ignoring heightmap data for chunk [148, -272], size does not match; expected: 43, got: 37
[21Jul2025 01:01:46.645] [Server thread/WARN] [net.minecraft.world.level.levelgen.Heightmap/]: Ignoring heightmap data for chunk [148, -270], size does not match; expected: 43, got: 37
[21Jul2025 01:01:46.646] [Server thread/WARN] [net.minecraft.world.level.levelgen.Heightmap/]: Ignoring heightmap data for chunk [148, -270], size does not match; expected: 43, got: 37
[21Jul2025 01:01:46.647] [Server thread/WARN] [net.minecraft.world.level.levelgen.Heightmap/]: Ignoring heightmap data for chunk [148, -270], size does not match; expected: 43, got: 37
[21Jul2025 01:01:46.647] [Server thread/WARN] [net.minecraft.world.level.levelgen.Heightmap/]: Ignoring heightmap data for chunk [148, -270], size does not match; expected: 43, got: 37
[21Jul2025 01:01:46.650] [Server thread/WARN] [net.minecraft.world.level.levelgen.Heightmap/]: Ignoring heightmap data for chunk [148, -271], size does not match; expected: 43, got: 37
[21Jul2025 01:01:46.650] [Server thread/WARN] [net.minecraft.world.level.levelgen.Heightmap/]: Ignoring heightmap data for chunk [148, -271], size does not match; expected: 43, got: 37
[21Jul2025 01:01:46.650] [Server thread/WARN] [net.minecraft.world.level.levelgen.Heightmap/]: Ignoring heightmap data for chunk [148, -271], size does not match; expected: 43, got: 37
[21Jul2025 01:01:46.650] [Server thread/WARN] [net.minecraft.world.level.levelgen.Heightmap/]: Ignoring heightmap data for chunk [148, -271], size does not match; expected: 43, got: 37
[21Jul2025 01:01:46.743] [Server thread/INFO] [net.minecraft.server.MinecraftServer/]: Saving chunks for level 'ServerLevel[world]'/minecraft:overworld
[21Jul2025 01:01:47.048] [Server thread/INFO] [net.minecraft.server.MinecraftServer/]: Saving chunks for level 'ServerLevel[world]'/ad_astra:mercury
[21Jul2025 01:01:47.050] [Server thread/INFO] [net.minecraft.server.MinecraftServer/]: Saving chunks for level 'ServerLevel[world]'/ad_astra:glacio_orbit
[21Jul2025 01:01:47.051] [Server thread/INFO] [net.minecraft.server.MinecraftServer/]: Saving chunks for level 'ServerLevel[world]'/ad_astra:moon_orbit
[21Jul2025 01:01:47.052] [Server thread/INFO] [net.minecraft.server.MinecraftServer/]: Saving chunks for level 'ServerLevel[world]'/ad_astra:mars
[21Jul2025 01:01:47.053] [Server thread/INFO] [net.minecraft.server.MinecraftServer/]: Saving chunks for level 'ServerLevel[world]'/ad_astra:moon
[21Jul2025 01:01:47.054] [Server thread/INFO] [net.minecraft.server.MinecraftServer/]: Saving chunks for level 'ServerLevel[world]'/ad_astra:venus
[21Jul2025 01:01:47.055] [Server thread/INFO] [net.minecraft.server.MinecraftServer/]: Saving chunks for level 'ServerLevel[world]'/minecraft:the_nether
[21Jul2025 01:01:47.056] [Server thread/INFO] [net.minecraft.server.MinecraftServer/]: Saving chunks for level 'ServerLevel[world]'/ad_astra:earth_orbit
[21Jul2025 01:01:47.056] [Server thread/INFO] [net.minecraft.server.MinecraftServer/]: Saving chunks for level 'ServerLevel[world]'/ad_astra:glacio
[21Jul2025 01:01:47.057] [Server thread/INFO] [net.minecraft.server.MinecraftServer/]: Saving chunks for level 'ServerLevel[world]'/ad_astra:venus_orbit
[21Jul2025 01:01:47.058] [Server thread/INFO] [net.minecraft.server.MinecraftServer/]: Saving chunks for level 'ServerLevel[world]'/minecraft:the_end
[21Jul2025 01:01:47.059] [Server thread/INFO] [net.minecraft.server.MinecraftServer/]: Saving chunks for level 'ServerLevel[world]'/ad_astra:mercury_orbit
[21Jul2025 01:01:47.059] [Server thread/INFO] [net.minecraft.server.MinecraftServer/]: Saving chunks for level 'ServerLevel[world]'/ad_astra:mars_orbit
[21Jul2025 01:01:47.117] [Server thread/INFO] [net.minecraft.server.MinecraftServer/]: ThreadedAnvilChunkStorage (world): All chunks are saved
[21Jul2025 01:01:47.117] [Server thread/INFO] [net.minecraft.server.MinecraftServer/]: ThreadedAnvilChunkStorage (mercury): All chunks are saved
[21Jul2025 01:01:47.117] [Server thread/INFO] [net.minecraft.server.MinecraftServer/]: ThreadedAnvilChunkStorage (glacio_orbit): All chunks are saved
[21Jul2025 01:01:47.117] [Server thread/INFO] [net.minecraft.server.MinecraftServer/]: ThreadedAnvilChunkStorage (moon_orbit): All chunks are saved
[21Jul2025 01:01:47.118] [Server thread/INFO] [net.minecraft.server.MinecraftServer/]: ThreadedAnvilChunkStorage (mars): All chunks are saved
[21Jul2025 01:01:47.118] [Server thread/INFO] [net.minecraft.server.MinecraftServer/]: ThreadedAnvilChunkStorage (moon): All chunks are saved
[21Jul2025 01:01:47.118] [Server thread/INFO] [net.minecraft.server.MinecraftServer/]: ThreadedAnvilChunkStorage (venus): All chunks are saved
[21Jul2025 01:01:47.118] [Server thread/INFO] [net.minecraft.server.MinecraftServer/]: ThreadedAnvilChunkStorage (DIM-1): All chunks are saved
[21Jul2025 01:01:47.118] [Server thread/INFO] [net.minecraft.server.MinecraftServer/]: ThreadedAnvilChunkStorage (earth_orbit): All chunks are saved
[21Jul2025 01:01:47.118] [Server thread/INFO] [net.minecraft.server.MinecraftServer/]: ThreadedAnvilChunkStorage (glacio): All chunks are saved
[21Jul2025 01:01:47.118] [Server thread/INFO] [net.minecraft.server.MinecraftServer/]: ThreadedAnvilChunkStorage (venus_orbit): All chunks are saved
[21Jul2025 01:01:47.118] [Server thread/INFO] [net.minecraft.server.MinecraftServer/]: ThreadedAnvilChunkStorage (DIM1): All chunks are saved
[21Jul2025 01:01:47.118] [Server thread/INFO] [net.minecraft.server.MinecraftServer/]: ThreadedAnvilChunkStorage (mercury_orbit): All chunks are saved
[21Jul2025 01:01:47.118] [Server thread/INFO] [net.minecraft.server.MinecraftServer/]: ThreadedAnvilChunkStorage (mars_orbit): All chunks are saved
[21Jul2025 01:01:47.118] [Server thread/INFO] [net.minecraft.server.MinecraftServer/]: ThreadedAnvilChunkStorage: All dimensions are saved
[21Jul2025 01:01:47.148] [Server thread/INFO] [Framework/]: Unloading server configs...
[21Jul2025 01:01:47.148] [Server thread/INFO] [Framework/]: Finished unloading server configs
